CIN,Company Name,Status
U74999UP2020PTC139753,SAIDISHA SHIPPING CONSULTANCY AND PLACEMENT PRIVATE LIMITED,Active
U45309RJ2021PTC074530,PRIMESUN BUILDERS PRIVATE LIMITED,Active
U70100KA2019PTC120272,UCON PROJECTS PRIVATE LIMITED,Active
U93090MH2018PTC311720,ZENTECHNOCRATS PRIVATE LIMITED,Active
U36999GJ2018PTC103229,REVIERA COSMECEUTICALS PRIVATE LIMITED,Active
U52609RJ2018PTC060015,UNDER MY UMBRELLA PRIVATE LIMITED,Active
U72100JK2019PTC010800,DO UP DESIGNTECH PRIVATE LIMITED,Active
U74999DL2018PTC328464,QAURS TECH SYSTEMS PRIVATE LIMITED,Active
U72900DL2019PTC345192,ENZE DREAMS PRIVATE LIMITED,Active
U45209HR2018FTC072813,CCFG INDIA PRIVATE LIMITED,Active
U93090DL2019PTC345230,COINVEX MANAGEMENT SERVICES PRIVATE LIMITED,Active
U74999TG2019PTC130144,JUSTREDEEM ONLINE PRIVATE LIMITED,Active
U65993KL2019PLC056610,ENJAZ NIDHI LIMITED,Active
U93000DL2019PTC345284,OSM ECOMMERCE PRIVATE LIMITED,Active
U74999TN2019PTC127288,FIRSTOG HITCH PRIVATE LIMITED,Active
U71200HR2019PTC078358,MYRA RENTAL SOLUTIONS PRIVATE LIMITED,Active
U64200MH2019PTC320803,SAYOG TELEINFRA PRIVATE LIMITED,Active
U74999UP2019OPC113738,CREATIONALLY GRAFIX4YOU (OPC) PRIVATE LIMITED,Active
U36999TN2019PTC127637,TARANGINI BRICK PRIVATE LIMITED,Active
U72900KA2019PTC121709,KRIT SOLUTIONS & SERVICES PRIVATE LIMITED,Active
U73200KL2019PTC056993,GENANTA PRIVATE LIMITED,Active
U51909KA2019PTC122405,ABHAYAHASTA EXIM PRIVATE LIMITED,Active
U40106TN2022PTC153227,SOORPA PRIVATE LIMITED,Active
U31402TG1977PTC002225,ELECTROFLO BATTERIES PVT LTD,Active
U05005AP1994PTC017899,"PAMPA AQUA FARMS PVT LTD,",Active
U45200TG2003PTC040302,POULOMI CONSTRUCTIONS PRIVATE LIMITED,Active
U74999GJ2022PTC135255,YOP ONLINE SERVICES PRIVATE LIMITED,Active
U74999UP2022PTC170362,OFFSHOOT BPO SERVICES PRIVATE LIMITED,Active
U17119GJ1992PTC018614,SHANKESHWAR TEXTILE PVT LTD,Active
U30000GJ1999PTC036333,TYCOON INFORMATION SYSTEM PRIVATE LIMITED,Active
U63090GJ1999PTC035647,LALBHAI TRADING COMPANY PRIVATE LIMITED,Active
U40106RJ2022PTC083686,ASHLYN SPV ONE PRIVATE LIMITED,Active
U64204HR2000PTC034488,KURUKSHETRA DARPAN PRIVATE LIMITED,Active
U40100HP2005PTC028484,ARHM POWER PROJECTS PRIVATE LIMITED,Active
U25200GJ2000PTC037563,VARAD BULK PACKAGING PRIVATE LIMITED,Active
U25200GJ2000PTC037571,M C RAJAI COLOUR CHEM PRIVATE LIMITED,Active
U32209KA1975PTC002856,MAROLI METERS PRIVATE LIMITED,Active
U74300KA1979PTC003584,MASS MARKETING AND ADVERTISING SERVICES PRIVATE LIMITED,Active
U02519KA1984PTC006369,RESTOLEX RUBBER PRODUCTS PRIVATE LIMITED,Active
U45201KA1997PTC022729,RCC HOUSING PRIVATE LIMITED,Active
U74210KA2005PTC037304,BENLAY CONSULTING PRIVATE LIMITED,Active
U18101KA2005PTC035841,WINSTAR FASHIONS PRIVATE LIMITED,Active
U55101KL1992PTC006603,VALLAMATTAM ESTATES HOTELS PVT LTD,Active
U26921KL1993PTC007612,M A CERAMICS PVT LTD,Active
U67120KA2001PTC029158,UG SECURITIES PRIVATE LIMITED,Active
U63022MP1999PTC013910,INDORE AGRISYSTEM PRIVATE LIMITED,Active
U30007MP1992PTC007294,SPUR SOFTWARE SERVICES PRIVATE LIMITED,Active
U74999PB2022PTC056881,OILERS IMMIGRATION CONSULTANCY PRIVATE LIMITED,Active
U30007MP1986PTC003369,PRIME PLANT GROWERS PRIVATE LIMITED,Active
U50400KL2005PTC018195,WATER TUNNEL WASH PRIVATE LIMITED,Active
U74210MH1953PTC009128,THE INDIAN SURVEYORS PRIVATE LIMITED,Active
U63040MH1960PTC011871,BLUE SKIES PRIVATE LIMITED,Active
U51109MH1985PTC037747,TIPCO AGENCIES PVT LTD,Active
U74999MH2022PTC390546,O.K.K. BEVERAGES PRIVATE LIMITED,Active
U74999HR2022PTC106644,ABEL IMMIGRATION CONSULTANTS PRIVATE LIMITED,Active
U99999MH1975PTC018552,ADITYA AGENCIES PRIVATE LIMITED,Active
U45200MH1975PTC018060,PREMNATH CONSULTANTS PRIVATE LIMITED,Active
U31300MH1988PTC046722,GOODLUCK WIRE AND RESINS PRIVATE LIMITED,Active
U52390TN2022OPC155418,GSAPRON IT SOLUTION (OPC) PRIVATE LIMITED,Active
U45200MH1974PTC018015,PREMNATH AND ASSOCIATES PRIVATE LIMITED,Active
U45200MH1990PTC058482,MAKANI BUILDERS AND DEVELOPERS PRIVATE LIMITED,Active
U32109MH1992PTC067132,CANTRONICS ELECTRICALS PVT LTD,Active
U51900MH1995PTC092690,CAPABLE MARKETING COMPANY PRIVATE LIMITED,Active
U29219MH1991PTC061837,PANJU CONTRACTORS AND FABRICATORSW PRIVATE LIMITED,Active
U35110MH1995PLC087457,ASTOR SHIPPING COMPANY LIMITED,Active
U74140MH1999PTC122400,SANGHRAJKA BUSINESS CONSULTING PRIVATE LIMITED,Active
U72900UP2022PTC171135,ACCUZEL SOLUTIONS PRIVATE LIMITED,Active
U74140MH2000PTC128555,K AND J SEARCH CONSULTANTS PRIVATE LIMITED,Active
U64204MH2000PTC126597,CHANNEL WATCH (INDIA) PRIVATE LIMITED,Active
U99999MH1997PTC110777,SAKA FASHIONS PRIVATE LIMITED,Active
U51900MH2000PTC124963,ROYAL MILLENNIUM INVESTMENT AND TRADING PRIVATE LIMITED,Active
U46901PN2025PTC237224,NAKSH GLOBAL PRIVATE LIMITED,Active
U85110RJ1997PTC013949,DR.FATEH SINGH NURSING HOME PRIVATE LIMITED,Active
U14101RJ1996PTC012574,MEWAR MINCHEM PRIVATE LIMITED,Active
U15311TN1979PLC007943,RAI EPC LIMITED,Active
U65191DL1988PLC234369,VAIGAI FINANCE LIMITED,Active
U26943RJ1982PTC002455,MADHU CEMENT PRIVATE LIMITED,Active
U18101TN1983PTC010250,SHOECOMPS PRIVATE LIMITED,Active
U51102TN1982PTC009524,SOFTLAB PRIVATE LIMITED,Active
U92490TN2002PTC048459,BLUECHIP AMUSEMENTS (INDIA) PRIVATE LIMITED,Active
U65921UP1977PLC004415,RAMSARUP TOWERS LIMITED,Active
U72200TN2004PTC053146,EXPERTUS INFRASTRUCTURE PRIVATE LIMITED,Active
U74999TN1997PTC038941,SATCHIT INFO CONSULTANTS PRIVATE LIMITED,Active
U45402TN1996PTC037034,SHINO PAINTS PRIVATE LIMITED,Active
U15147UP1998PTC023511,SWIFT SOAPS AND DETERGENTS PRIVATE LIMITED,Active
U65991TN2005PTC058003,VIGBHA HEALTHCARE PRIVATE LIMITED,Active
U33119WB1946PLC013995,BATHGATE & CO LTD,Active
U23109WB1992PTC054795,TANUJ COKE PVT. LTD.,Active
U51909WB1991PLC052775,GOOD VALUE PRODUCTS LTD.,Active
U51109WB1955PTC022267,INDERMAL NIRMAL KUMAR PVT LTD,Active
U51109WB1998PTC088187,WOODSTOCK TRADERS & INVESTORS PRIVATE LIMITED,Active
U30009WB1998PLC087168,TECHNISCHE SOFTWARE & SYSTEMS INDIA LIMITED,Active
U45201WB2005PTC105872,SCOTTISH HOMES PROJECTS PRIVATE LIMITED,Active
U15134PN2000PTC014763,HARDIKAR'S FOOD TECHNOLOGIES PRIVATE LIMITED,Active
U52110WB2001PTC094013,VARDHAN MARKETING PRIVATE LIMITED,Active
U74899DL1983PTC017196,BAWA THEATRES PRIVATE LIMITED,Active
U72900DL1990PTC039502,ANC ZODIAC TECHNOLOGY PRIVATE LIMITED,Active
U74899DL1993PTC053155,B N PAPER PRODUCTS PRIVATE LIMITED,Active
U74899DL1995PTC064262,ASE CARGO PRIVATE LIMITED,Active
U27100DL1993PTC053479,I.M. STEELS PRIVATE LIMITED,Active
U74140DL1996PLC075700,MS CAPITAL AND MANAGEMENT SERVICES LIMITED,Active
U70101DL1996PTC078979,BIMLA BUILDERS & CONTRACTORS PRIVATE LIMITED,Active
U74899DL1995PTC067727,VERMA ELECTRICAL INDUSTRIES PRIVATE LIMITED,Active
U72200DL1997PTC084217,NEX-TEK SYSTEMS PRIVATE LIMITED,Active
U74300DL1999PTC102146,DHAN MARKETING PRIVATE LIMITED,Active
U74899DL1997PTC088975,ASPEN HOME APPLIANCES PRIVATE LIMITED,Active
U16000DL1998PTC092707,ASHOK POUCHES PRIVATE LIMITED,Active
U72900DL2000PTC106784,SURYANSH DIAMONDS PRIVATE LIMITED,Active
U51197DL2000PTC108058,MEDILINE HEALTHCARE PRIVATE LIMITED,Active
U51397DL2004PTC125963,PRATAP HOMOEO PHARMACY AND CLINIC PRIVATE LIMITED,Active
U24241DL2005PTC135964,METRO SOAP AND DETERGENT PRIVATE LIMITED,Active
U21014DL2005PTC135975,SARVODAYA PACK N PROCESS PRIVATE LIMITED,Active
U18101DL2005PTC135985,APR APPAREL PRIVATE LIMITED,Active
U74899DL2005PTC138086,ARPIT REALTORS PRIVATE LIMITED,Active
U16008DL2002PTC115971,AP FRAGRANCES PRIVATE LIMITED,Active
U45201DL2005PTC135963,ADIL CONSTRUCTION PRIVATE LIMITED,Active
U30007MH2003PTC140093,ISYSTEM INDIA PRIVATE LIMITED,Active
U92110MH1999PTC121075,MULTI MEDIA FILMS AND SERIAL DISTRIBUTORS PRIVATE LIMITED,Active
U51909DL2005PTC141951,BEZEL COMMODITIES PRIVATE LIMITED,Active
U60210PB2005PLC027988,GALLEY S TRANSPORT INDIA LIMITED,Active
U15332TZ2004PTC010934,PONNI EXPORTS PRIVATE LIMITED,Active
U65993TN1997PTC037677,DSRC CONSULTANTS PRIVATE LIMITED,Active
U27109WB2005PTC104010,VANDANA INGOT PRIVATE LIMITED,Active
U63013MH2007PTC167698,ALLPORT CARGO PRIVATE LIMITED,Active
U92411KA2006PTC041120,EXPRESS FITNESS INDIA PRIVATE LIMITED,Active
U24233KA2007PTC041938,VANJAN BIO PHARMA PRIVATE LIMITED,Active
U74900DL2007PTC168718,PACE CORPORATE SOLUTIONS PRIVATE LIMITED,Active
U74994CH2007PTC030942,SPECIFIC LIFESTYLE PRIVATE LIMITED,Active
U45200TN2007PTC065179,PUROFIT BUILDCONS PRIVATE LIMITED,Active
U01222PN2007PTC130372,RUMITECH NUTRITION PRIVATE LIMITED,Active
U70102PN2007PTC131046,SUNBEAM REAL ESTATE DEVELOPERS PRIVATE LIMITED,Active
U17120MH2007PTC169293,COUNT N DENIER SYNTEX PRIVATE LIMITED,Active
U45203KA2008PTC044939,X-SPACE DEVELOPERS & BUILDERS PRIVATE LIMITED,Active
U15110GJ2022PTC135825,FROZEN STAR FOODS PRIVATE LIMITED,Active
U36109KA2007PTC043109,LIVE CUBE DESIGNS WORKSHOP PRIVATE LIMITED,Active
U67120MH2007PTC169479,ENHANCE HOLDINGS PRIVATE LIMITED,Active
U80903MH2008PTC177782,CONVERGENT INFOTECH PRIVATE LIMITED,Active
U45200TN2008PTC067027,PRINSTAR BUILDERS PRIVATE LIMITED,Active
U22219MH2008PTC178917,BALAJI ARTPRINTERS & DEVELOPERS PRIVATE LIMITED,Active
U72900GJ2008PTC053073,TAC GLOBAL TECHNOLOGY PRIVATE LIMITED,Active
U70109TN2008PTC067331,DIXON BUILDERS PRIVATE LIMITED,Active
U72900PN2008PTC131960,IMPETUS IT SERVICES PRIVATE LIMITED,Active
U55101MH2008PTC184210,VISTA PALACE & HOTELS (INDIA) PRIVATE LIMITED,Active
U27310TZ2008PTC014454,SIGMA HITECH HEATING SYSTEM PRIVATE LIMITED,Active
U74140DL2008PTC177218,FUTUREDIMENSIONS CONSULTANTS PRIVATE LIMITED,Active
U92412PN2008PTC131816,FIRST TEE GOLF SOLUTIONS PRIVATE LIMITED,Active
U45400DL2008PTC178647,U. K. INFRABUILD PRIVATE LIMITED,Active
U40108PN2008PTC132197,ABIL ENERGY PRIVATE LIMITED,Active
U45201AS2008PTC008706,MANASHI PROJECTS PRIVATE LIMITED,Active
U35112GA2007PTC005026,PROXIMA CENTAURI SHIPPING PRIVATE LIMITED,Active
U63040DL2006PTC149897,TIME & AGAIN EXCURSIONS PRIVATE LIMITED,Active
U74940MH2006PTC162510,INTERACTIVE BRANDS CRAFT PRIVATE LIMITED,Active
U15209PN2006PTC128529,SHREE SAMARTH FOODS AND SPICES PRIVATE LIMITED,Active
U74210DL2008PTC183358,ASSURE STRATEGIC VENTURES PRIVATE LIMITED,Active
U51909DL2006PTC147153,JINDAL ART GALLERY PRIVATE LIMITED,Active
U74120TG2008PTC061228,AGR FERRO ALLOYS PRIVATE LIMITED,Active
U24230GJ2008PTC055096,ARAMBH PHARMACEUTICALS PRIVATE LIMITED,Active
U93000DL2009PTC187749,HUE MARKETING PRIVATE LIMITED,Active
U61100MH2009PTC189741,SEAHORSE BUSS INFRASTRUCTURE PRIVATE LIMITED,Active
U45200DL2009PTC186450,SHILPA STRUCTURE AND DESIGNS PRIVATE LIMITED.,Active
U70200WB2009PTC134439,VARDHAMAN PROJECTS PRIVATE LIMITED,Active
U22100MH2008PTC189184,ANAND NAGARI PRAKASHAN PRIVATE LIMITED,Active
U70102TG2008PTC062319,NAVYA SHELTERS PRIVATE LIMITED,Active
U64201DL2006PTC146386,ULTIMATE TELECOM PRIVATE LIMITED,Active
U85195MH2005PTC158160,SANMOUR PHARMA PRIVATE LIMITED,Active
U22130PN2006PTC021884,BALAJI PUBLICITY AND MEDIA PRIVATE LIMITED,Active
U28910MH2005PTC158413,NOBLE MACHANICAL MAINTENANCE CONTRACTORS PVT LTD,Active
U45209MH2010PTC200642,DIVIDHUPA INFRASTRUCTURES PRIVATE LIMITED,Active
U70102MH2010PTC199465,VAPURDA REALTIES PRIVATE LIMITED,Active
U74999PN2010PTC135468,UNICUS ADVISORS PRIVATE LIMITED,Active
U15411TN2010PTC075689,GRAND MATHWAY BREAD HOUSE PRIVATE LIMITED,Active
U70109MH2010PTC202758,EDWARD REALTIES PRIVATE LIMITED,Active
U70200MH2010PTC199608,NIRGUNA REALTIES PRIVATE LIMITED,Active
U23300MH2010PTC200327,ENNOVA OIL TECHNOLOGY PRIVATE LIMITED,Active
U40100MP2010PTC023823,GREEN EARTH POWER GENERATION PRIVATE LIMITED,Active
U70109MH2010PTC204485,JAYINE REALTIES PRIVATE LIMITED,Active
U70109MH2010PTC203969,HEMACHANDRA PROPERTIES PRIVATE LIMITED,Active
U52590KL2010PTC025904,DAMARU NETWORK MARKETING PRIVATE LIMITED,Active
U70109MH2010PTC203062,HANSINI REALTIES PRIVATE LIMITED,Active
U51909WB2010PTC153034,ALLIGATOR TRADELINK PRIVATE LIMITED,Active
U74140WB2010PTC151257,OFFBEAT INNOVATIONS MANAGEMENT PRIVATE LIMITED,Active
U05000TN2010PTC078108,GLOFIL FIBRES AND PLASTICS PRIVATE LIMITED,Active
U52335KA2010PTC055454,SARASVAT RETAIL & DISTRIBUTORS PRIVATE LIMITED,Active
U50102DL2010PTC211689,STALLION CARS PRIVATE LIMITED,Active
U80221JH2010PTC013925,SAROJINI ENGINEERING AND TECHNICAL EDUCATION PRIVATE LIMITED,Active
U74140MP2011PTC025570,GREEN EARTH CONSULTANCY & SOLUTIONS PRIVATE LIMITED,Active
U74140WB2010PTC140952,ATLANTIS SOLUTIONS PRIVATE LIMITED,Active
U45209MH2011PTC216183,UTHAMI DEVELOPERS PRIVATE LIMITED,Active
U01403MP2011PTC025524,PASSION GREENS FARMTECH PRIVATE LIMITED,Active
U70102MH2011PTC216150,JAHEEL REAL ESTATE PRIVATE LIMITED,Active
U70109MH2011PTC216219,KHANAK PROPERTIES PRIVATE LIMITED,Active
U70102MH2011PTC216204,DAVIS REALTIES PRIVATE LIMITED,Active
U74999MH2011PTC214698,CORE STAND FABRICATION PRIVATE LIMITED,Active
U17120GJ2011PTC063744,YASHODA FILAMENT PRIVATE LIMITED,Active
U45209PN2011PTC138744,VARAD REALTORS PRIVATE LIMITED,Active
U70109PB2011PTC034780,GCG BUILDERS PRIVATE LIMITED,Active
U45400MH2011PTC216332,ARJAV DEVELOPERS PRIVATE LIMITED,Active
U62200MH2011PTC217580,EMGEE AIRWAYS PRIVATE LIMITED,Active
U24240MH2011PTC217113,VOV COSMETIC PRIVATE LIMITED,Active
U55101CH2011PTC032958,TIM HORTEN'S INDIA RESTURENTS PRIVATE LIMITED,Active
U35106RJ2009PTC028955,GOLDEN PLANET COMMODITIES PRIVATE LIMITED,Active
U36100RJ2011PTC035988,RADHIKA BRICKS INDUSTRIES PRIVATE LIMITED,Active
U65992HR2009PTC039480,SUKHSHANTI CHITS PRIVATE LIMITED,Active
U45400DL2009PTC189723,KHUSHI BUILDERS & DEVELOPER PRIVATE LIMITED,Active
U74999DL2009PTC192298,RAYSUN POWER SOLUTIONS PRIVATE LIMITED,Active
U70102TN2009PTC071677,SSA HOUSING DEVELOPMENT PRIVATE LIMITED,Active
U61200TN2012PTC085189,INDIOC SYNERGY SHIPPING PRIVATE LIMITED,Active
U74990MH2012PTC229422,SPHERE VENTURES PRIVATE LIMITED,Active
U52190WB2012PTC181228,WHORTLEBERRY VINCOM PRIVATE LIMITED,Active
U93000PN2012PTC143706,PERFECTPRO FREIGHT MANAGEMENT PRIVATE LIMITED,Active
U74900MH2012PTC231111,SHIMNIT INDIA (LAKSHADWEEP) PRIVATE LIMITED,Active
U32204UP2012PTC051168,HIGHEND TECHNOLOGIES KOREA PRIVATE LIMITED,Active
U74999PN2012PTC144010,EKDANT ENTERPRISES PRIVATE LIMITED,Active
U74999WB2012PTC182282,S N AYRA GLOBAL VENTURES PRIVATE LIMITED,Active
U74110KL2012PTC031535,LAW VISAGE PRIVATE LIMITED,Active
U74999DL2012FTC244869,SFI INDIA PRIVATE LIMITED,Active
U22100DL2013PTC251173,PRINT YOUR WISH E-COMMERCE PRIVATE LIMITED,Active
U74999WB2013PTC193481,EDUTECH VENTURES PRIVATE LIMITED,Active
U72200RJ2013PTC042067,SOLNTECH SERVICES PRIVATE LIMITED,Active
U13100MP2012PTC029553,SIMRAN MINERALS & ORES PRIVATE LIMITED,Active
U72900HR2013PTC049349,BLACK BUTTERFLY WEB DESIGNER PRIVATE LIMITED,Active
U74140DL2013FTC249450,KTGY (INDIA) PRIVATE LIMITED,Active
U29253DL2013PTC246945,SUBLIME BIOCARE PRIVATE LIMITED,Active
U72900TN2012PTC089217,MAVJAY SOLUTIONS PRIVATE LIMITED,Active
U72300DL2013PTC247312,FIRST SERV SOLUTIONS PRIVATE LIMITED,Active
U74999KA2011PTC061750,EXECUTIVE LINK MEDIA PRIVATE LIMITED,Active
U93000DL2012PTC242915,MAX DRYCLEANERS INTERNATIONAL PRIVATE LIMITED,Active
U52100HR2011PTC043704,NEW LESS PRICE SALES PRIVATE LIMITED,Active
U74900KA2014PTC075148,BOSEIT SOFTWARE SOLUTION PRIVATE LIMITED,Active
U55101KA2014PTC073227,CHANCERY HOTELS AND RESORTS PRIVATE LIMITED,Active
U72900PN2013PTC149007,ELIVOTECH SOLUTIONS PRIVATE LIMITED,Active
U74999GJ2013PTC077674,PAREKH ORTHOPAEDICS PRIVATE LIMITED,Active
U93090MH2011PTC220027,AMO CREATIVE SERVICES PRIVATE LIMITED,Active
U70109WB2011PTC166755,KARNIMATA PROPERTIES PRIVATE LIMITED,Active
U74900BR2011PTC017493,VENUS COMPUTER AND ELECTRONICS PRIVATE LIMITED,Active
U63090KL2014PTC036830,BEKAL RETREATS PRIVATE LIMITED,Active
U52190WB2011PTC165110,RADHA DEALMARK PRIVATE LIMITED,Active
U74140DL2011PTC222095,XBRL CONSULTANTS PRIVATE LIMITED,Active
U72100KA2013PTC072749,GREENAGE INDUSTRIALS UPGRADATION PARK PRIVATE LIMITED,Active
U72900DL2013PTC255713,SAFE++ GLOBAL TECHNOLOGY SERVICES PRIVATE LIMITED,Active
U21020TZ2011PTC017393,MULTIPLES PACKING PRIVATE LIMITED,Active
U93000DL2013PTC255859,SS4 SERVICES PRIVATE LIMITED,Active
U70109CH2013PTC034693,HOMESTEAD COLONIZERS PRIVATE LIMITED,Active
U72200TG2013PTC086515,ENCIERRO SOFTWARE PRIVATE LIMITED,Active
U45201RJ2013PTC042264,RUBYPRIME DEVELOPERS PRIVATE LIMITED,Active
U50200TN2013PTC092522,PRAKASH TYRES & TUBES PRIVATE LIMITED,Active
U70100MH2013PTC242598,VIDHIYAN REALTORS PRIVATE LIMITED,Active
U52100BR2013PTC020408,PATLI PUTRA MARBLE AND TILES PRIVATE LIMITED,Active
U14291OR1989PLC002156,GEM CORPORATION OF ORISSA LIMITED,Active
U72200KA2014PTC076558,ENVIZON APPS PRIVATE LIMITED,Active
U70102MH2014PTC260312,DHRUVSHILA PROPERTIES CONSULTANTS PRIVATE LIMITED,Active
U63090PN2014PTC152715,BUGYAL TRAVELS PRIVATE LIMITED,Active
U72200KA2014PTC076729,PRICEDELTA CONSULTING PRIVATE LIMITED,Active
U74140GJ2014PTC081264,MY TAX CONSULTA PRIVATE LIMITED,Active
U85100MH2014PTC259070,PLUS LAB SYNC PRIVATE LIMITED,Active
U70102DL2015PTC275300,INDIAN HIGH STREET REALTY SERVICES PRIVATE LIMITED,Active
U29130MH2001PTC133022,AKANKSHA HVACR INDUSTRIES PRIVATE LIMITED,Active
U70100MH2004PTC148032,BARTRAYA MALL DEVELOPMENT COMPANY PRIVATE LIMITED,Active
U74994MH2003PTC140156,INTERFACE BUSINESS CONSULTING PRIVATE LIMITED,Active
U45200MH2003PTC142434,KHARU BUILDERS PRIVATE LIMITED,Active
U17290MH2015PTC261050,GLACIER LIFESTYLE & INFRA PRIVATE LIMITED,Active
U45201KL2014PTC037535,FLUCON PROPERTIES PRIVATE LIMITED,Active
U74140DL2014PTC272991,INTERGLOBAL CAPITAL ADVISERS PRIVATE LIMITED,Active
U93000PN2013PTC149235,EUDORA CONSULTANTS & SERVICES PRIVATE LIMITED,Active
U18109WB2006PTC109736,ILLUMETRIX DISTRIBUTION PRIVATE LIMITED,Active
U74900TN2014PTC095553,DHIYO CONSULTANCY SERVICES PRIVATE LIMITED,Active
U41000DL2014PTC267795,CRYSTAL MINERAL WATER PRIVATE LIMITED,Active
U74999DL2014PTC266799,VAS AGRI PRIVATE LIMITED,Active
U45202UP2014PTC063497,BURLINGTON INFRA PRIVATE LIMITED,Active
U45400WB2014PTC200641,TIRTHANKAR REALCON PRIVATE LIMITED,Active
U45201UP2006PTC031651,SANGAM INFRABUILD CORPORATION PRIVATE LIMITED,Active
U70102MH2007PTC173108,WALSON ESTATE PRIVATE LIMITED,Active
U27205MH2006PTC165391,DIA VENTE JEWELLERY PVT. LTD.,Active
U52599DL2007PTC160659,GAP MARKETING PRIVATE LIMITED,Active
U14200TG2007PTC054933,SAHASRA MINERALS PRIVATE LIMITED,Active
U18204DL2007PTC166063,CAYMAN FASHIONS PRIVATE LIMITED,Active
U17122CH2007PTC030901,START UP FARMS INDIA PRIVATE LIMITED,Active
U70102MH2007PTC172945,PARIS REAL ESTATE PRIVATE LIMITED,Active
U70102MH2007PTC173104,PRESSLER DEVELOPERS PRIVATE LIMITED,Active
U45400DL2008PTC178360,INDERLOK BUILDCON PRIVATE LIMITED,Active
U70100MH2006PTC161740,ROHAN DREAM REALTORS PRIVATE LIMITED,Active
U74900DL2014PTC265431,M K TICARI PRIVATE LIMITED,Active
U72400DL2014PTC264715,LIBER SOLUTIONS PRIVATE LIMITED,Active
U80904TN2014PTC095656,FINISHING ACADEMY OF CERTIFIED ENGINEERS PRIVATE LIMITED,Active
U28100UP2014PTC062980,MEROWE ENGINEERING PRIVATE LIMITED,Active
U80301KA2016OPC085493,DATASTORY DATA SCIENCE (OPC) PRIVATE LIMITED,Active
U74120MH2015PTC270407,MANAGE YOUR HEALTH TECHNOLOGIES PRIVATE LIMITED,Active
U01409PN2015PTC157665,SNEHSHREE AGRO PRODUCER COMPANY LIMITED,Active
U72200MH2015PTC269868,SECURELINK INFRATECH PRIVATE LIMITED,Active
U70100UP2014PTC063287,PACEWAY INFRATECH PRIVATE LIMITED,Active
U72900PN2016PTC157866,DAWNING SYSTEMS PRIVATE LIMITED,Active
U74999DL2016PTC289301,MUSICONCEPTS PRIVATE LIMITED,Active
U74900KA2016PTC085374,ANVAYA BUSINESS SERVICES PRIVATE LIMITED,Active
U74900TG2016PTC102632,SIDD TECHNOLOGIES SYSTEMS PRIVATE LIMITED,Active
U72900DL2015PTC288330,MARSHA ECOMMERCE SERVICES PRIVATE LIMITED,Active
U74900MH2015PTC271504,URJA SAMRUDDHI PRIVATE LIMITED,Active
U51101MH2015PTC270737,MEDIUNIVERSE HEALTHCARE & SERVICES PRIVATE LIMITED,Active
U80301KA2015PTC081356,EON EDUCATION PRIVATE LIMITED,Active
U72200KA2015OPC083229,ADVITA ONLINE SERVICES (OPC) PRIVATE LIMITED,Active
U51900AS2013PTC011683,VALUE WORKS INDIA PRIVATE LIMITED,Active
U22219DL2013PTC262837,NEWS KINGDOM MEDIA PRIVATE LIMITED,Active
U32300MH2013PTC248765,SKY BLUE CORP PRIVATE LIMITED,Active
U74900KA2015PTC081380,VIVINTEL IT SOLUTIONS PRIVATE LIMITED,Active
U72300HR2015PTC056348,KRM INFOTEL PRIVATE LIMITED,Active
U74900MH2012PTC228002,BRIMAXX CONSULTANTS PRIVATE LIMITED,Active
U74900HR2015PTC056254,STORECHEQ INNOVATIONS PRIVATE LIMITED,Active
U50100GJ2013PTC076978,HEER AUTO PRIVATE LIMITED,Active
U74999HR2013PTC051221,OMJEES AUTOMATION AND ENGINEERING PRIVATE LIMITED,Active
U22222MH2013PTC251443,WHIMSICAL DREAMWORKS PRIVATE LIMITED,Active
U72900PB2016PTC045952,TECHDIGICELL SOLUTIONS PRIVATE LIMITED,Active
U22222MH2013PTC251222,THUNDER CLOUD FILMS PRIVATE LIMITED,Active
U74999PN2016PTC167675,MONEY ACADEMY PRIVATE LIMITED,Active
U72200KA2016PTC098368,NEXTIN WIRELESS PRIVATE LIMITED,Active
U74999PN2016OPC167768,HRYM MEDIA SOLUTIONS (OPC) PRIVATE LIMITED,Active
U24290GJ2016PTC094459,KOSEI PHARMA PRIVATE LIMITED,Active
U74999DL2016PTC308244,FEELJOY PRIVATE LIMITED,Active
U72100PN2015PTC155630,APPLYKANE TECHNOLOGIES PRIVATE LIMITED,Active
U70102UP2016PTC077149,ASV INFRAZONE PRIVATE LIMITED,Active
U74900TN2015PTC100475,GOOD SAMARITAN HEALTH AND ALLIED SERVICES PRIVATE LIMITED,Active
U74900TG2016PTC103749,SKEDOOL IT PRIVATE LIMITED,Active
U72900PB2015PTC039426,SAVERA IT SOLUTIONS PRIVATE LIMITED,Active
U22100DL2016PTC291675,NEW TEXT PUBLICATIONS PRIVATE LIMITED,Active
U74900MH2016PTC274285,KEY SWITCH PRIVATE LIMITED,Active
U24100GJ2015PTC083333,RAM KRISHNA FERTILIZERS PRIVATE LIMITED,Active
U74900PN2015PTC155026,AANANDSAGAR PRODUCTION HOUSE PRIVATE LIMITED,Active
U74900PN2015PTC155582,SHALOM GLOBAL MERCHANTS PRIVATE LIMITED,Active
U74900MH2015PTC265582,DK CIVIL TECHNOCOR PRIVATE LIMITED,Active
U74999MH2015PTC265446,EMFFAM ENDEAVOURS PRIVATE LIMITED,Active
U67190GJ2018PTC100707,TAKEOFF TRANSIT TRAVEL FOREX PRIVATE LIMITED,Active
U74140RJ2013PTC042614,LEXSERVE CONSULTANTS PRIVATE LIMITED,Active
U67120KA2015PTC080016,AKRUTI BROKING HOUSE PRIVATE LIMITED,Active
U72300UP2012PTC048712,SEEM CODERS TECNOLOGIA PRIVATE LIMITED,Active
U64100DL2015PTC288747,SEHGAL RURAL TECH PRIVATE LIMITED,Active
U65991UP2016PLC076309,BALAJIVALUEBASE NIDHI LIMITED,Active
U45400UP2021PTC145432,HIMGIRIHIMANI MULTI SOLUTIONS PRIVATE LIMITED,Active
U72900MP2017PTC042320,APPSTEAN TECHNOLOGIES PRIVATE LIMITED,Active
U74999MH2016PTC283767,COIN BOOKS PRIVATE LIMITED,Active
U70100RJ1995PTC010184,SCAPERS REALTY INDIA PRIVATE LIMITED,Active
U45500UP2017PTC090216,SKNA CONSTRUCTION PRIVATE LIMITED,Active
U25517PN2016PTC164751,SPC COMPOUNDING INDIA PRIVATE LIMITED,Active
U72900DL2016PTC300521,COACTION TECHNOLOGIES PRIVATE LIMITED,Active
U74999PN2016PTC164856,KIVIAAN TECHNOLOGIES PRIVATE LIMITED,Active
U74999DL2016PTC301829,CRUNCHY BURGER INDIA PRIVATE LIMITED,Active
U18104DL2016PTC300271,KRISHNA KNITWEARS (INDIA) PRIVATE LIMITED,Active
U74999MH2016PTC282348,SHOPAPP SERVICES PRIVATE LIMITED,Active
U74999DL2016PTC301585,SHRI KRISHNA WELLNESS PRIVATE LIMITED,Active
U74999MH2016PTC281708,TRANSWORLD BUSINESS ADVISORS PRIVATE LIMITED,Active
U72900AP2016PTC103427,SUNVION SOLUTIONS PRIVATE LIMITED,Active
U15126TN2016PTC111702,PK FOOD VENTURES PRIVATE LIMITED,Active
U70200TG2016PTC110782,ASTRA  PRIVATE LIMITED,Active
U55209TN2016PTC111253,NIVIS KITCHEN PRIVATE LIMITED,Active
U74999DL2016PTC302702,SWAROZGAR EVAM E-DISTRIBUTION UNIQUE SYSTEM PRIVATE LIMITED,Active
U24100MH2006PTC165136,SPARK PHARMACHEM PRIVATE LIMITED,Active
U74999TN2016PTC111345,AADWELL ADVERTISING AGENCIES PRIVATE LIMITED,Active
U45200PN2016PTC165477,IRA INFRASTRUCTURE PRIVATE LIMITED,Active
U29300MH2015PTC263110,ELECMEC ENGINEERING & PROJECTS PRIVATE LIMITED,Active
U74900WB2015PTC205906,SOLUSYON INDIA CONSULTANTS PRIVATE LIMITED,Active
U73100MP2013PTC030739,ASSESSING SKILLS AND KNOWLEDGE INDIA PRIVATE LIMITED,Active
U74999RJ2017PLC056802,POWERINFORMATICS LIMITED,Active
U74999GA2017PTC013097,HOLIDAY EXPEDIATION INDIA PRIVATE LIMITED,Active
U74102KA2024PTC189248,CARBONESSENCE PRIVATE LIMITED,Active
U74999KA2017PTC099278,FIELD ANGLE DESIGN AND TECHNOLOGIES PRIVATE LIMITED,Active
U72300PN2016PTC164149,ACCENTIA ASIA PRIVATE LIMITED,Active
U74999TG2016PTC109229,CORPORATE FILINGS INDIA PRIVATE LIMITED,Active
U15549JH2017PTC009858,NANDAA MINERAL WATER PRIVATE LIMITED,Active
U74999UP2017PTC092626,STARBOY CONSULTING PRIVATE LIMITED,Active
U74999KA2017PTC102523,OPS LOGISTICS PRIVATE LIMITED,Active
U74999WB2017PTC220900,WWP TECHNOLOGIES PRIVATE LIMITED,Active
U74999MH2017FTC294456,BEMORE PLANTS INSTALLATION & MAINTENANCE INDIA PRIVATE LIMITED,Active
U55100RJ2017PTC057583,RANWA FOODS & BEVERAGES PRIVATE LIMITED,Active
U74999GJ2016PTC093841,VENDAXO PRIVATE LIMITED,Active
U45500TN2017PTC116411,KMV ENGINEERS & CONSULTANTS PRIVATE LIMITED,Active
U45500UP2017PTC091747,URU INFRASTRUCTURE AND HOTEL PRIVATE LIMITED,Active
U74999GJ2016PTC092030,PARIJAY INVESTMENTS PRIVATE LIMITED,Active
U67190CT2016PLC007250,MAA DURGA FINANCIAL SYNDICATE NIDHI LIMITED,Active
U72300DL2016OPC299528,VUROX (OPC) PRIVATE LIMITED,Active
U10619MH2023PTC398912,ROBEL FARMS PRIVATE LIMITED,Active
U74999AP2016PTC103266,GRK TECHNOLOGIES PRIVATE LIMITED,Active
U74999PN2016PTC164472,WATCHDOG TECHNOLOGIES PRIVATE LIMITED,Active
U52190DL2016PTC306602,GOOFYBUY INDIA PRIVATE LIMITED,Active
U74999MH2016PTC285879,SIGNINT SERVICES PRIVATE LIMITED,Active
U72900MH2016PTC284937,SMART HARBOR ONLINE SOLUTION PRIVATE LIMITED,Active
U74999HP2017PTC006550,HAPPLEKART INDIA PRIVATE LIMITED,Active
U45309MH2016PTC285233,PARVATI INFRA PROJECTS PRIVATE LIMITED,Active
U31909MH2017PTC293369,IJYA SOLUTION PRIVATE LIMITED,Active
U55100ML2016PTC013613,PINEGROVE HOTELS PRIVATE LIMITED,Active
U74999KA2017PTC101376,KOVEN SOFT SOLUTIONS PRIVATE LIMITED,Active
U74999MH2017PTC292604,AFLAH TECHNOLOGIES PRIVATE LIMITED,Active
U74999MH2017PTC291690,JIVEDA HEALTHCARE PRIVATE LIMITED,Active
U51909GJ2017PTC096009,ALLERGAN TRADING SERVICES PRIVATE LIMITED,Active
U74999HR2017PTC071650,FITNETIZE WELLNESS PRIVATE LIMITED,Active
U93000MH2017OPC297569,OOM GURUDEV STUDY CENTRE (OPC) PRIVATE LIMITED,Active
U74999UP2017PTC098791,MASS-J PLYWOOD PRIVATE LIMITED,Active
U63090KA2017PTC104907,XIROS TRAVEL AND EVENT SERVICES PRIVATE LIMITED,Active
U25209DD2017PTC009805,AYKA FIBC INDUSTRIES PRIVATE LIMITED,Active
U74999UP2017PTC095112,GRAZIANA WINGS INTERNATIONAL PRIVATE LIMITED,Active
U85109MH2017PLC291827,SIWS HIGH SCHOOL ALUMNI  LIMITED LIMITED,Active
U74999TG2017PTC118532,PROCADUS STEEL PRIVATE LIMITED,Active
U55101WB2017PTC222432,BSGC HOSPITALITY PRIVATE LIMITED,Active
U72900KL2017PTC050301,SAILORS IT SOLUTIONS PRIVATE LIMITED,Active
U74999DL2017PTC322254,KINSLEY SOLAR INFRA PRIVATE LIMITED,Active
U74999PN2017PTC172615,NORDIC ECOSYSTEMS PRIVATE LIMITED,Active
U74999MH2017PTC299876,INDISCOR FORENSIC TECHNOLOGY AND SERVICES PRIVATE LIMITED,Active
U15209MH2017PTC300395,GOLDFIT HEALTHTECH GLOBAL PRIVATE LIMITED,Active
U85190TG2017PTC119884,ARAVIND EYE CARE CENTRE PRIVATE LIMITED,Active
U74999MH2017PTC295145,KASHIGANGA BUSINESS PRIVATE LIMITED,Active
U74999PN2017PTC173019,AVANISHPINAK PHARMA PRIVATE LIMITED,Active
U72900KA2016PTC097423,APPIVA SOFTWARE PRIVATE LIMITED,Active
U72900UP2016PTC087591,PRAXIS AUTOMATION AND MONITORING SOLUTIONS PRIVATE LIMITED,Active
U52609PB2017PTC047049,RAVISHAKTI ECO ENGINEERING PRIVATE LIMITED,Active
U74999GA2017PTC013276,SAVVY SPECIALISED SOLUTIONS PRIVATE LIMITED,Active
U74999KA2017PTC103516,ECOSAFE FOOD PRODUCTS PRIVATE LIMITED,Active
U01100MH2018PTC310702,ZAPARDE PRODUCER COMPANY LIMITED,Active
U74995PB2018PTC048042,NUEAX INNOVATION PRIVATE LIMITED,Active
U74999UP2018PTC099874,SHARVIKA ELECTRICAL PRIVATE LIMITED,Active
U51200DL2018PTC335830,VEROBIEN AGRI PRIVATE LIMITED,Active
U74999MH2017PTC303075,CARMELTON HYGIENE PRIVATE LIMITED,Active
U72500TG2018PTC121580,COGAI SOLUTIONS PRIVATE LIMITED,Active
U74999KL2017PTC051057,PINEWOOD CONSULTANCY PRIVATE LIMITED,Active
U74999WB2017PTC223508,YTM VISATHING PRIVATE LIMITED,Active
U74999MH2018PTC306799,YFC COMBAT SPORTS PRIVATE LIMITED,Active
U01100MH2016PLC287277,VRUJBHOOMI TECHNOBUILD LIMITED,Active
U92490JH2018OPC011167,SAMVRIDDHI ACE (OPC) PRIVATE LIMITED,Active
U37100HR2017PTC071434,GREENLIP VEGIBAGS INDIA PRIVATE LIMITED,Active
U74999MH2018PTC306892,NARENDRA MEHTA FINE JEWELS PRIVATE LIMITED,Active
U32309DL2017FTC325997,PHICOMM INDIA PRIVATE LIMITED,Active
U72900DL2018PTC331597,AEDIFEX LABS PRIVATE LIMITED,Active
U74999MH2018PTC306895,GREENTIDE ENVIRO SOLUTIONS PRIVATE LIMITED,Active
U51909DL2018PTC331037,LRTOUCH B2B TRADING PRIVATE LIMITED,Active
U74999KL2018PTC052072,BORNLILLIES PRIVATE LIMITED,Active
U15319KL2018PTC053272,TAPAS NATURALS PRIVATE LIMITED,Active
U52609KL2018PTC053520,BITESCAFE'S PRIVATE LIMITED,Active
U72200JK2018PTC010465,WINTERNET IT SOLUTIONS PRIVATE LIMITED,Active
U74999DL2018FTC334280,LAN SHAN HU TRADING PRIVATE LIMITED,Active
U74999BR2018PTC038349,PRAVANDANA ENGICOM PRIVATE LIMITED,Active
U74999KA2017PTC107424,QANALYSTS SERVICES INDIA PRIVATE LIMITED,Active
U74999TG2018PTC123351,PRONIA BUSINESS SOLUTIONS PRIVATE LIMITED,Active
U70109UP2018PTC104712,MAD HOMES TECHNOLOGIES PRIVATE LIMITED,Active
U74999MH2017PTC303391,MALGI TECHNOLOGIES PRIVATE LIMITED,Active
U67190GJ2017PTC100197,ADORN FOREX PRIVATE LIMITED,Active
U74999DL2017PTC327143,BADHWAR PLAST PRIVATE LIMITED,Active
U93000DL2017PTC326675,PARAGRAVITY FILMS PRIVATE LIMITED,Active
U85100PN2017PTC173966,GENAVLI BIOTECH PRIVATE LIMITED,Active
U93000BR2019PTC043159,IMMORTALSTAR ONLINE ZONE PRIVATE LIMITED,Active
U70109UP2017PTC099504,VSSA INFRASTRUCTURE PRIVATE LIMITED,Active
U72900KA2018PTC112699,NETPOINT TECHNOLOGIES (INDIA) PRIVATE LIMITED,Active
U74993HR2018PTC073971,ALPHATRIX HITECH PRIVATE LIMITED,Active
U51909TG2018PTC125387,PETPAL TECHNOLOGIES PRIVATE LIMITED,Active
U74999UP2018PTC103488,SAMUDRA AUDITORS AND TRAINERS PRIVATE LIMITED,Active
U51909DL2018PTC338544,ESPERTOCHEM PRIVATE LIMITED,Active
U65999KA2018PTC116178,QUAD CAPITAL PRIVATE LIMITED,Active
U72200HR2019PTC082328,MGA EXPERIENCE PRIVATE LIMITED,Active
U37200TG2020PTC143811,ECO-FINE BRIQUETTES PRIVATE LIMITED,Active
U15400HR2020PTC091370,GAC ENTERPRISES PRIVATE LIMITED,Active
U36999UP2018PTC108722,ALABASTROS BACKLIT STONES PRIVATE LIMITED,Active
U72502TN2018PTC124367,WORKNERDS SERVICES PRIVATE LIMITED,Active
U63030PB2021PTC053656,AIROTIP PRIVATE LIMITED,Active
U51909CT2018PTC008746,ATANOS INTERNATIONAL PRIVATE LIMITED,Active
U01100DL2018PTC340635,3 HERMITS AGROTECH PRIVATE LIMITED,Active
U37100UP2018PTC109100,MELIOR ENERGIA PRIVATE LIMITED,Active
U11202UP2018PTC109232,PAHEL INDUSTRIES PRIVATE LIMITED,Active
U70109HR2020PTC087049,PUSAN REALTECH PRIVATE LIMITED,Active
U85100TG2018PTC126044,CAREVALE PROSTHETICS AND ORTHOTICS PRIVATE LIMITED,Active
U24299MH2018PTC313242,GRAPHENE TECHPRO INDIA PRIVATE LIMITED,Active
U72900DL2018PTC337842,UFK INFOSYSTEMS AND RESEARCH PRIVATE LIMITED,Active
U70200WB2018PTC228010,REIP DEVELOPER PRIVATE LIMITED,Active
U74300PN2018PTC178108,DEMANDTRON PRIVATE LIMITED,Active
U74999MH2018PTC314201,URBANHAWK SOLAR PRIVATE LIMITED,Active
U74999UP2018PTC107894,INNOSIASTIC VENTURES PRIVATE LIMITED,Active
U28999PN2018PTC179022,SCHUTTE MEYER TECHNOLOGIES INDIA PRIVATE LIMITED,Active
U72900TN2021PTC144903,NODEZ TECHNOLOGY SOLUTIONS PRIVATE LIMITED,Active
U72900KA2018OPC111859,WANDOOR QUARKS (OPC) PRIVATE LIMITED,Active
U51909PN2018PTC178713,ALPB PLASTPACKAGING PRIVATE LIMITED,Active
U74999MH2018PTC314711,WOW PRODUCTIONZ PRIVATE LIMITED,Active
U74999PN2018PTC175834,JTS TECHNICAL SERVICES PRIVATE LIMITED,Active
U80902DL2018PTC342411,UFK LEARNING PRIVATE LIMITED,Active
U73200UP2018PTC102668,FABSPARY TECHNICAL SOLUTIONS PRIVATE LIMITED,Active
U74999MP2018PTC045601,YOGANSH YOGA FITNESS INDIA PRIVATE LIMITED,Active
U72900KA2018PTC119131,VERVIN TECHNO SOLUTIONS PRIVATE LIMITED,Active
U01500TN2018PTC122201,UYIRMEI PANNAI PRIVATE LIMITED,Active
U72502HR2018PTC077127,FANMOJO GAMING PRIVATE LIMITED,Active
U74999GA2018PTC013804,JESRYL ENTERPRISES PRIVATE LIMITED,Active
U80902DL2018PTC342585,SOCHFUL EDUCATION PRIVATE LIMITED,Active
U74999GJ2019PTC107182,MORRYS ART & CRAFTS PRIVATE LIMITED,Active
U74110KA2008PTC045699,SDSS EVENTS AND MARKETING PRIVATE LIMITED,Active
U74999WB2018PTC228903,CLAIR AESTHETIC PRIVATE LIMITED,Active
U93090DL2019PTC349878,SUNRISE FITNESS INDIA PRIVATE LIMITED,Active
U73100RJ2019PTC064895,TED RESEARCH AND DEVELOPMENT PRIVATE LIMITED,Active
U74999TG2019PTC132538,SAFEAFTER SERVICES PRIVATE LIMITED,Active
U45209RJ2019PTC064761,BHL INFRA PRIVATE LIMITED,Active
U65990TN2019PTC129021,TWENTYFOUR SEVEN FINANCIAL SERVICES (INDIA) PRIVATE LIMITED,Active
U55100WB2019PTC232388,DELICIOUS KITCHEN'S PRIVATE LIMITED,Active
U74110UP2018PTC101227,TOILART PRIVATE LIMITED,Active
U72900MP2019PTC048875,AXLEWEB TECHNOLOGIES PRIVATE LIMITED,Active
U72900GJ2019PTC108579,NEIMON IOT SOLUTIONS PRIVATE LIMITED,Active
U80903WB2019PTC231585,SELFPREP EDUTECH PRIVATE LIMITED,Active
U15490UP2019PTC116171,VAANSI FOOD PRODUCT PRIVATE LIMITED,Active
U72900GJ2019PTC108614,TEDGE QONSULTATION PRIVATE LIMITED,Active
U74999WB2018PTC228610,GVPRODUCTIONS PRIVATE LIMITED,Active
U52190MH2018PTC316246,SETCONNECT E-COMMERCE & MULTISERVICES PRIVATE LIMITED,Active
U74999AP2018PTC109583,VIBHUM HOMES PRIVATE LIMITED,Active
U72900HR2018PTC076494,MAWP TECHNOLOGIES PRIVATE LIMITED,Active
U74994DL2018PTC340844,SKYMAPPER AVIATION PRIVATE LIMITED,Active
U01120HR2022OPC106937,PRINCE AGRITECH (OPC) PRIVATE LIMITED,Active
U92419PN2019PTC184379,VASUDEV FITNESS PRIVATE LIMITED,Active
U17299GJ2019PTC108369,MERT INDIA PRIVATE LIMITED,Active
U31907DL2019PTC349882,ILLUMEZ SOLUTIONS PRIVATE LIMITED,Active
U51909UP2019PTC117467,TAAYU BROTHERS HEALTHCARE PRIVATE LIMITED,Active
U52100GJ2017PTC096958,AGEN SOLUTIONS PRIVATE LIMITED,Active
U72501PN2019PTC184301,CLOUDENSEMBLER IT SOLUTIONS PRIVATE LIMITED,Active
U80904KA2019PTC123154,ENMAZ EDUCATION SERVICES PRIVATE LIMITED,Active
U01100MP2019PTC048651,CULTIVO AGRO PRODUCER COMPANY LIMITED,Active
U01111TG2019PTC131770,PRATHYUSHA AGRO FARMS PRIVATE LIMITED,Active
U22219WB2019OPC231200,AMBISONIX VR LABS (OPC) PRIVATE LIMITED,Active
U80902KA2019PTC122724,DECISIONWAYS LEARNING PRIVATE LIMITED,Active
U74110CH2016PTC041319,ACCUNEXT ENGINEERING PRIVATE LIMITED,Active
U67120MH2019PTC327020,FINALTUS FINANCIAL SOLUTIONS PRIVATE LIMITED,Active
U55209DL2019PTC351670,PREMIUM PORT LOUNGE SERVICES PRIVATE LIMITED,Active
U93030TG2019OPC133824,VEDUS CONFERENCES (OPC) PRIVATE LIMITED,Active
U72900TG2019PTC132258,SPAB TECHNOLOGIES PRIVATE LIMITED,Active
U65990TN2018PTC126602,MAHASWARN CHIT FUND PRIVATE LIMITED,Active
U72900KL2019PTC059275,STACKATECH INFO LABS PRIVATE LIMITED,Active
U70200TN2018PTC126538,DDSRD CONSTRUCTIONS PRIVATE LIMITED,Active
U74999MH2018PTC318626,AZENA LIVEPLAY PRIVATE LIMITED,Active
U74999KA2018PTC119423,REFLEXIP SECURESOL PRIVATE LIMITED,Active
U70109TN2019PTC131129,TURIYA INFRACON PRIVATE LIMITED,Active
U24100MH2019PTC324122,ECOVIBE SKIN SCIENCE PRIVATE LIMITED,Active
U72900KL2019PTC057642,SBL TECHNOLOGIES PRIVATE LIMITED,Active
U73200MH2018PLC318558,MUNI SOCIAL EMPOWERMENT LIMITED,Active
U72900UP2019PTC119511,GRANULAR ANALYTICS PRIVATE LIMITED,Active
U34300DL2019PTC348462,HITESH LUXURIES PRIVATE LIMITED,Active
U51909RJ2019PTC066799,MY SALON ZONE PRIVATE LIMITED,Active
U72900UP2019PTC123493,MEGNASIS IT INFRA PRIVATE LIMITED,Active
U52609DL2019PTC352834,MOMMYANDTODDLER VENTURES PRIVATE LIMITED,Active
U29307DL2019PTC357133,DRIP AUTOMATION AND TECHNOLOGIES PRIVATE LIMITED,Active
U63031PN2019PTC188052,CRUCIALE INFRA PRIVATE LIMITED,Active
U72900TG2019PTC136637,INTELLECTUS SOLUTIONS PRIVATE LIMITED,Active
U72900MH2019PTC329144,SEQUIXE INDIA PRIVATE LIMITED,Active
U65990KL2019PLC059187,MACFA NIDHI LIMITED,Active
U51909KA2019PTC127776,RV ENTERPRISES 1SS PRIVATE LIMITED,Active
U52100TN2019PTC131727,ADAMPRAGMATICA PRIVATE LIMITED,Active
U18202UP2019PTC121404,PRINT MY SELFIE PRIVATE LIMITED,Active
U51909MH2019PTC332030,PATEL GARMENTS PRIVATE LIMITED,Active
U24230AP2019PTC113191,NORIKAA PHARMACEUTICALS PRIVATE LIMITED,Active
U72501UP2019FTC122744,MCGW TECHNOLOGY DEVELOPMENT PRIVATE LIMITED,Active
U51900GJ2019PTC110604,MONITORME PRIVATE LIMITED,Active
U51909TN2019PTC131410,CASHEW CONNECT PRIVATE LIMITED,Active
U22300TN2019PTC132254,IKABARA PRODUCTIONS PRIVATE LIMITED,Active
U24304MH2019PTC331770,BLUEWAY PHARMACEUTICALS PRIVATE LIMITED,Active
U72501TN2019PTC131353,WOWIDEAS CREATIVE SOLUTIONS PRIVATE LIMITED,Active
U51496PN2019PTC186280,GREEN EARTH MINERALS AND CHEMICALS INDIA PRIVATE LIMITED,Active
U74910KA2019PTC127386,HYROLOGY CONSULTING PRIVATE LIMITED,Active
U72900UR2019PTC010234,ZETATRON SOLUTIONS PRIVATE LIMITED,Active
U65999UP2019PLN124286,IMDADI MUTUAL BENEFIT NIDHI LIMITED,Active
U51399KA2019PTC130332,RIO AND CHARLIE PRIVATE LIMITED,Active
U72900UP2019FTC123951,EDJX INDIA PRIVATE LIMITED,Active
U40106MH2019PTC331453,VISH WIND ENERGY (SANIPALLI) PRIVATE LIMITED,Active
U45309DL2019PTC358099,UFK INFRATECH PRIVATE LIMITED,Active
U55209RJ2019PTC066540,KRIVA HOTELS RESORTS PRIVATE LIMITED,Active
U74300KA2019PTC126105,SELDOR MARKETING CORPORATION PRIVATE LIMITED,Active
U29309PN2019PTC185352,SUMUTO AUTOMOTIVE PRIVATE LIMITED,Active
U93090UP2019PTC124875,DAMNAO ENTERPRISE PRIVATE LIMITED,Active
U80904MH2020PTC337178,AARADHANA ONLINE CLASSES PRIVATE LIMITED,Active
U74999DL2019PTC355861,DEXTIN TECHNOLOGIES PRIVATE LIMITED,Active
U70109DL2019PTC355893,DHURYA INFRASTRUCTURE PRIVATE LIMITED,Active
U22300TG2019OPC137921,DECALOG BOOK HOUSE (OPC) PRIVATE LIMITED,Active
U72900PB2019FTC050494,RELAY LABS PRIVATE LIMITED,Active
U72900KA2020PTC133746,SIASOFT STUDIOS PRIVATE LIMITED,Active
U51909MH2019PTC335004,MUWU FASHION PRIVATE LIMITED,Active
U72900KA2020PTC133756,ONEZEROPOINT TECHNOLOGIES PRIVATE LIMITED,Active
U85300GJ2019PTC111754,SECUREZZA HEALTH SERVICES PRIVATE LIMITED,Active
U28990DL2020PTC360555,GIRIVAR GLOBAL SOLUTIONS PRIVATE LIMITED,Active
U72900TG2020OPC140118,CARTPASSION (OPC) PRIVATE LIMITED,Active
U99999DL1973PLC362935,RELIANCE STEELS LIMITED,Active
U70109UP2020PTC128033,VMR ECSTASY PRIVATE LIMITED,Active
U29308PN2019PTC188762,MARCS E-SOLUTIONS PRIVATE LIMITED,Active
U72900DL2021FTC381607,CASHBERRY INDIA PRIVATE LIMITED,Active
U33129DL2020PTC363757,SHRI GOVARDHAN LIFECARE PRIVATE LIMITED,Active
U51909DL2020PTC363792,POSITIVELY MARKETING PRIVATE LIMITED,Active
U72900KA2020PTC133813,DIGITAL PRIOG PRIVATE LIMITED,Active
U40100PN2020PTC189137,GRANDTUSKERS PROJECT MANAGEMENT PRIVATE LIMITED,Active
U72900TZ2020PTC033324,HAIPALS MESSENGER PRIVATE LIMITED,Active
U70109UP2020PTC127628,JMVSHREE INFRAPROJECTS PRIVATE LIMITED,Active
U74999MH2020PTC339726,PETALGO PRIVATE LIMITED,Active
U24113MH2020PTC336124,GREENOVATE TECHNOLOGIES PRIVATE LIMITED,Active
U70200DL2020PTC363814,UNITY BUSINESS SOLUTIONS PRIVATE LIMITED,Active
U52609CT2020PTC009915,RAMAYA VEG16 PRIVATE LIMITED,Active
U74999PN2020OPC189369,TALENT BLUSH (OPC) PRIVATE LIMITED,Active
U24110WB2020PTC237166,GENKON BIOLOGICALS PRIVATE LIMITED,Active
U74999MH2020PTC337936,STACKONE SOLUTIONS PRIVATE LIMITED,Active
U72900BR2020PTC045387,COMPUPOINT PRIVATE LIMITED,Active
U63090AP2020PTC114122,ATHENACORPSOLE PRIVATE LIMITED,Active
U67100DL2020PTC364305,CARDSKART INDIA PRIVATE LIMITED,Active
U70109GJ2019PTC111582,MILENIO BUILDCON PRIVATE LIMITED,Active
U14100MH2019PTC334571,SHARMA PROJECTS INDIA PRIVATE LIMITED,Active
U18209HR2019PTC082954,ECOSUUT FASHIONS PRIVATE LIMITED,Active
U93010PN2021PTC199897,PLUSHME PRIVATE LIMITED,Active
U74999TN2020OPC136712,AME BUSINESS SOLUTIONS (OPC) PRIVATE LIMITED,Active
U80904KL2020PTC063195,LOGIX EDUCATORS PRIVATE LIMITED,Active
U72900JH2020PTC014660,MAATREE VENTURES PRIVATE LIMITED,Active
U65999UP2020PLN135721,BILLIONBUCKS MUTUAL BENEFIT NIDHI LIMITED,Active
U72900MH2020PTC347390,MANAGE CONNX SOLUTIONS PRIVATE LIMITED,Active
U72900TN2020PTC138305,ZUBATT TECHNOLOGIES PRIVATE LIMITED,Active
U72900KA2020PTC139089,CXSAAS TECHNOLOGIES PRIVATE LIMITED,Active
U74999KA2020PTC139167,ASSETTRUST CONSULTING PRIVATE LIMITED,Active
U72900TG2020PTC144205,ADHYA INFO TECH PRIVATE LIMITED,Active
U80302KA2020PTC134993,P.S STUDY SMART PRIVATE LIMITED,Active
U72900KA2020OPC138810,INHEALTHFIRST SOFTWARE SERVICES (OPC) PRIVATE LIMITED,Active
U74999UP2020PTC134559,ASH INNOVATIONS AND BUSINESS CONSULTING PRIVATE LIMITED,Active
U72900UP2020PTC134387,RESTOLABS PRIVATE LIMITED,Active
U74999TZ2020PTC034537,SIGNOX MANAGEMENT CONSULTING PRIVATE LIMITED,Active
U70200HR2020PTC086873,VITTI CONSTRUCTIONS PRIVATE LIMITED,Active
U72500MH2020PTC346086,TFS TECHNOLOGIES PRIVATE LIMITED,Active
U72900AP2020PTC115826,NANDA BALAJI TECHNO INFRA PRIVATE LIMITED,Active
U19200MH2020PTC344470,ASTERN EXPORTS PRIVATE LIMITED,Active
U65990PB2020PTC051723,XINFIN FINANCIAL SERVICES PRIVATE LIMITED,Active
U92100MH2020PTC344126,SEECHANGE MEDIA PRIVATE LIMITED,Active
U70200HR2020PTC086871,VIDHRA REALTECH PRIVATE LIMITED,Active
U72900KL2020PTC062481,ZENZO PRIVATE LIMITED,Active
U74999GJ2020OPC115725,AMGC ONLINE MALL (OPC) PRIVATE LIMITED,Active
U72200GJ2020PTC115722,MYRICK TECHNOWEB PRIVATE LIMITED,Active
U22300MP2020PTC052246,NEWSINNATION MEDIA PRIVATE LIMITED,Active
U52520MH2020PTC340918,MYSUNRISE MARKETING AND DEVELOPMENT PRIVATE LIMITED,Active
U72900TN2020PTC136851,POBO GROWTH CAPITAL PRIVATE LIMITED,Active
U52520DL2020PTC366263,ROYALSHIELD TECHNOLOGIES INDIA PRIVATE LIMITED,Active
U70103HR2020PTC086920,PRADHI REALTECH PRIVATE LIMITED,Active
U70109HR2020PTC086979,AGRYA CONSTRUCTIONS PRIVATE LIMITED,Active
U51909KA2020OPC135186,D.G.S BRIDGE MATRIX (OPC) PRIVATE LIMITED,Active
U72900PN2020OPC191535,MACKINAC MARKETING (OPC) PRIVATE LIMITED,Active
U85100GJ2020OPC114238,SALVA HEALTHCARE (OPC) PRIVATE LIMITED,Active
U72900MH2020PTC342996,PSV INDUSTRIES PRIVATE LIMITED,Active
U70200HR2020PTC086923,PRASTI CONSTRUCTIONS PRIVATE LIMITED,Active
U63000TZ2020PTC034069,THAMBI SERVICE CARE PRIVATE LIMITED,Active
U52399HR2020PTC090759,BIGOPOLIS RETAIL PRIVATE LIMITED,Active
U74999TG2020PTC145667,BIOSEPHIA ENGINEERING SERVICES PRIVATE LIMITED,Active
U24110GJ2020PTC118109,BHAVI COLORS PRIVATE LIMITED,Active
U72900PN2020PTC195778,JMC INFOTECH PRIVATE LIMITED,Active
U50400BR2020PTC049110,BELA AUTOMOBILES PRIVATE LIMITED,Active
U52100HR2016PTC066336,AR ASSOCIATES PRIVATE LIMITED,Active
U24299GJ2020PTC117867,SAIBA SPECIALTY CHEMICALS PRIVATE LIMITED,Active
U31909TN2020PTC138928,SRIYON CONTROLS PRIVATE LIMITED,Active
U80902MP2020PTC054058,SS LAW INTERNSHIPS PRIVATE LIMITED,Active
U01100RJ2020PTC071717,ADVAITA LIME FARMS PRIVATE LIMITED,Active
U52590RJ2020PTC072510,RBT DISTRIBUTORS PRIVATE LIMITED,Active
U18202GJ2020PTC118841,SERINA APPARELS PRIVATE LIMITED,Active
U72900KA2020PTC142252,KERN.ADLER SOFTWARE PRIVATE LIMITED,Active
U74999DL2021PTC376300,FORENSIC RISK INFORMATION PRIVATE LIMITED,Active
U63030MN2021PTC014241,IMPHALVERY PRIVATE LIMITED,Active
U85100MH2021OPC353848,EXURBIA HEALTHCARE (OPC) PRIVATE LIMITED,Active
U74999TG2021PTC148454,TNC360 FITNESS SOLUTION PRIVATE LIMITED,Active
U72900RJ2020PTC071543,TPC INFRATECH PRIVATE LIMITED,Active
U01100BR2020PTC049705,ARUMA AGRO FARMS PRIVATE LIMITED,Active
U74999WB2020OPC240606,AMBITECH NEXUS SERVICES (OPC) PRIVATE LIMITED,Active
U52603MP2020PTC053320,AGRIBASKET TOOLS INDIA PRIVATE LIMITED,Active
U01100MH2020PTC348734,NAMASTEAGRO FARMER PRODUCER COMPANY LIMITED,Active
U50400PN2020PTC196594,MOTIVETO PRIVATE LIMITED,Active
U24240DL2020PTC374045,TRADITIONAL WELLNESS INDIA PRIVATE LIMITED,Active
U74999UR2020PTC011901,PRO-PDP PRIVATE LIMITED,Active
U65990MH2020PLN350516,KARYASIDDHI NIDHI LIMITED,Active
U15549AP2020PTC116692,RAAKN FOODS PRIVATE LIMITED,Active
U72900KA2020PTC141488,RULE OF THIRDS TECHNOLOGIES PRIVATE LIMITED,Active
U72900MH2020PTC350339,BIRCHFORD SOLUTIONS PRIVATE LIMITED,Active
U15134UP2020PTC133717,SIKH ORGANICS PRIVATE LIMITED,Active
U36999DL2020PTC369025,TYASHA INFRASTRUCTURE PRIVATE LIMITED,Active
U70109UP2021PTC140285,HBBL INNOVATION PRIVATE LIMITED,Active
U85499PN2020PTC193487,PVD PHILANTHROPIC  PRIVATE LIMITED,Active
U28920RJ2020PTC070598,NIRVAN INDUSTRY PRIVATE LIMITED,Active
U74999UP2020PTC133405,HEALTHY LIFE TERRACE GARDENING PRIVATE LIMITED,Active
U72900KA2021PTC143152,PLAN DELIGHT PRIVATE LIMITED,Active
U15549AP2021PTC118404,FLAVOSS FOOD AND BEVERAGES PRIVATE LIMITED,Active
U15200BR2021PTC052225,BHAWANI DAIRY PRIVATE LIMITED,Active
U74999TN2021PTC143732,AKSARO DYNAMICS PRIVATE LIMITED,Active
U74999KA2021PTC147675,TRUE REFURBSH PRIVATE LIMITED,Active
U36990KA2021PTC147820,SRI NANDI COIR PRIVATE LIMITED,Active
U85100UP2021PTC144472,SUYOGAM AYURVED PRIVATE LIMITED,Active
U85100TG2021FTC151647,CYNERGYLABS INDIA PRIVATE LIMITED,Active
U63011GJ2021PTC121549,COZY OUTING PRIVATE LIMITED,Active
U51909WB2021PTC245318,DESI PRIDE PRIVATE LIMITED,Active
U62099KL2023PTC080393,PIXLM TECHNOLOGY SOLUTIONS PRIVATE LIMITED,Active
U28999KA2021PTC146009,KRUGER PLASTICS PRIVATE LIMITED,Active
U31900CT2021PTC011568,SEMIIT DEVICES PRIVATE LIMITED,Active
U55101WB2021PTC244751,LINKED LEISURE CLUBS & HOTELS PRIVATE LIMITED,Active
U74110TG2018PTC125759,RCJ ENTERPRISES PRIVATE LIMITED,Active
U24240RJ2021PTC074802,ARAVALLI POTASH & MINERALS PRIVATE LIMITED,Active
U45200GJ2021OPC122599,HARSH & SARATHI (OPC) PRIVATE LIMITED,Active
U66030AP2021PTC118175,MAITH IMF PRIVATE LIMITED,Active
U15100MP2021PTC055778,FOODY FUN INDIA PRIVATE LIMITED,Active
U51909DL2021PTC380310,JIWANSAFE EXIM PRIVATE LIMITED,Active
U70109DL2021PTC380113,DREAMLIFE PROPERTIES PRIVATE LIMITED,Active
U72900PN2021PTC200169,CAREERS UNBOUND IT CONSULTING SERVICES PRIVATE LIMITED,Active
U64200TN2023PTC165217,REDBACK HOLDING PRIVATE LIMITED,Active
U52601UP2022PTC162598,ETHOMS MARKETING PRIVATE LIMITED,Active
U67100GJ2022PTC133235,SOUTH ASIAN STOCKS GLOBAL IFSC PRIVATE LIMITED,Active
U74140UP2022PTC166093,ACORN TECHNOCRATS PRIVATE LIMITED,Active
U70101WB2022PTC254513,BESTOWED REAL ESTATE PRIVATE LIMITED,Active
U15100TZ2022PTC039170,NUTRIFOOD TRADING PRIVATE LIMITED,Active
U01409MH2022PTC385808,MOM ORGANIC SEEDS PRIVATE LIMITED,Active
U63040HR2022PTC106089,TG IMMIGRATION PRIVATE LIMITED,Active
U72900PN2022PTC213989,NEXTM SOFTWARE SOLUTIONS PRIVATE LIMITED,Active
U74999TN2022PTC152244,ZIANA HOMES PRIVATE LIMITED,Active
U74999HP2022PTC009508,FARM TECHNOCRATS PALAMPUR PRIVATE LIMITED,Active
U51909GJ2022PTC132217,SUNI & MAA EXIM PRIVATE LIMITED,Active
U74999UP2022PTC164387,ESMART DIAL PRIVATE LIMITED,Active
U15400WB2022PTC253880,RUCHEY VALLEY PRIVATE LIMITED,Active
U74999WB2022PTC253703,TECHTITANS SOLUTIONS PRIVATE LIMITED,Active
U72501TZ2022OPC038396,FINBLOCK DIGITECH SOLUTIONS (OPC) PRIVATE LIMITED,Active
U72900KA2022OPC158629,THINQNEXT SOFTWARE CENTRE (OPC) PRIVATE LIMITED,Active
U70109TG2022PTC166256,EPIPHANY REALTORS PRIVATE LIMITED,Active
U15130WB2022PTC253310,BAHADURGANJ FOOD INDUSTRIES PRIVATE LIMITED,Active
U27108TN2022PTC154930,UNSHYA FAB-TECH ENGINEERING PRIVATE LIMITED,Active
U45203DL2022PTC398201,BROOKS COTTAGES PRIVATE LIMITED,Active
U72900RJ2022PTC081322,DIVENUE TECHNOLOGY PARK PRIVATE LIMITED,Active
U72900DL2022PTC397870,ONZE INNOVATION PRIVATE LIMITED,Active
U74999UP2022PTC169819,SALUTO SECURITY SERVICES AND FACILITIES PRIVATE LIMITED,Active
U72900KL2022PTC075073,RIGELANT TECHNOLOGIES PRIVATE LIMITED,Active
U15549WB2022PTC253167,COFFEE HARMONICS PRIVATE LIMITED,Active
U29306GJ2022PTC135056,DEETYAA TECHO COMMERCIAL PRIVATE LIMITED,Active
U17299OR2022PTC040051,MEHVIK OVERSEAS PRIVATE LIMITED,Active
U40200MH2022PTC385546,VISH WIND ENERGY (VENKATAMPALLI) PRIVATE LIMITED,Active
U24100UP2022PTC166908,LAAYURA MOMCARE PRODUCTS PRIVATE LIMITED,Active
U72900MH2022PTC381763,VERBATIM TRANSCRIPTION SERVICES PRIVATE LIMITED,Active
U80901KL2022PTC076073,GOD'S LANGUAGE PRIVATE LIMITED,Active
U72900MH2022PTC383237,MEAZUREUP INDIA PRIVATE LIMITED,Active
U74999RJ2022OPC081486,HG PLACEMENT PREPARATION GUIDE (OPC) PRIVATE LIMITED,Active
U01111MH2022PTC384426,SHRISEVA AGRO PRIVATE LIMITED,Active
U26990GJ2022PLC131986,GUJARAT CREDO RARE EARTHS LIMITED,Active
U67110MP2022PTC060971,SHAKTI FINANCE PRIVATE LIMITED,Active
U63030MH2022OPC384829,LOADNETIC LOGISTICS (OPC) PRIVATE LIMITED,Active
U72900UP2022PTC165899,STAKESEED TECHNOLOGIES PRIVATE LIMITED,Active
U70109TZ2022PTC039127,TRANSCENDENCE URBAN INFRASTRUCTURE PRIVATE LIMITED,Active
U51909MH2022OPC384408,DHIMATE INTERNATIONAL (OPC) PRIVATE LIMITED,Active
U15312WB2022PTC254557,BARDHAMAN RICE PRODUCT PRIVATE LIMITED,Active
U72900TN2022PTC157116,CARDX TECHNOLOGIES PRIVATE LIMITED,Active
U45309MH2022PTC394624,WELWORTH BUILDCON PRIVATE LIMITED,Active
U72100PN2022PTC216604,CASK SOFTWARE SYSTEMS PRIVATE LIMITED,Active
U18209DL2023PTC409784,COZO APPARELS PRIVATE LIMITED,Active
U85190MH2023PTC396774,MEDIMANAGER HEALTH SYSTEMS PRIVATE LIMITED,Active
U67200KL2023PTC079930,ACEMONEY PAYMENT SOLUTION PRIVATE LIMITED,Active
U45309UR2023PTC015180,RBTK CONSTRUCTIONWALA PRIVATE LIMITED,Active
U15490AP2023PTC123778,TFSP FOOD PRIVATE LIMITED,Active
U63030DL2022PTC408915,TENACE PLUS PRIVATE LIMITED,Active
U55209HR2022PTC108202,BAM RED FLAG FACILITIES PRIVATE LIMITED,Active
U22300OR2022PTC039057,MAA DURGA MEDIA PRIVATE LIMITED,Active
U21000GJ2022PTC129869,TOPNOTCH FOILS PRIVATE LIMITED,Active
U55100MH2022PTC378093,DIWTHA HOSPITALITY PRIVATE LIMITED,Active
U51410MH2022FTC388475,NEST WISE PETROLEUM INDIA PRIVATE LIMITED,Active
U51900CT2022PTC013566,PUREXCARE WELLNESS PRIVATE LIMITED,Active
U31900PN2022PTC213509,BSA SEMICON INDIA PRIVATE LIMITED,Active
U65999KL2022PTC077008,ABEE GREEN FINANCE PRIVATE LIMITED,Active
U74999KL2022PTC077007,PROCONVEYANCING INDIA PRIVATE LIMITED,Active
U72900KA2022PTC164500,DATAQUANTUM TECHNOLOGIES PRIVATE LIMITED,Active
U31909PN2021PTC206784,SIMPPLEXO ENGINEERING PRIVATE LIMITED,Active
U27200PN2022PTC207860,ANDHALE METALS PRIVATE LIMITED,Active
U45203MP2022PTC059035,MAHA M. H. G PRIVATE LIMITED,Active
U80903DL2022PTC392247,UTKRSH CHEMISTRY CLASSES PRIVATE LIMITED,Active
U72900AP2022PTC120565,MULTI CLOUD SOLUTIONS PRIVATE LIMITED,Active
U01409MN2022PTC014478,KANGLA AGRO TECH PRIVATE LIMITED,Active
U31900TG2022PTC158923,MUGILANN AUTONOMOUS SYSTEMS PRIVATE LIMITED,Active
U72900PN2021PTC206828,GABBARDEALS TECHNOLOGY PRIVATE LIMITED,Active
U72900TG2022PTC158971,PRIMSUM TECH PRIVATE LIMITED,Active
U65999DL2021PTC389186,PRIYVAND TECHNOLOGY PRIVATE LIMITED,Active
U52100KA2022PTC156876,FEMINAS KART PRIVATE LIMITED,Active
U15400KL2022PTC073551,NANDANAM FRESH PRIVATE LIMITED,Active
U74999GJ2021PTC126961,WE GREEN ENERGY PRIVATE LIMITED,Active
U74999KA2021PTC152299,ADRIANSE GLOBAL PRIVATE LIMITED,Active
U52399KA2022PTC157730,ROTS COMMERCE PRIVATE LIMITED,Active
U51909MH2022PTC376302,ABRAHAM GLOBAL SOLUTIONS PRIVATE LIMITED,Active
U72900DL2022PTC401411,KAUSHALAYA NANDAN TECHNOLOGIES PRIVATE LIMITED,Active
U24290MP2022PTC059541,MAXOLAC PAINTS PRIVATE LIMITED,Active
U51909HR2022PTC105163,MAVASAL IMPEX PRIVATE LIMITED,Active
U01409PN2022PTC213262,RESPARK AGRO PRIVATE LIMITED,Active
U74999MH2022PTC386733,SUSTAIN EARTH ADVISORY PRIVATE LIMITED,Active
U40101KA2021PTC154775,RECAP SOLAR INDIA PRIVATE LIMITED,Active
U85100UP2021PTC155725,NAVALTIS MULTISPECIALITY HOSPITAL PRIVATE LIMITED,Active
U92490MH2022PTC376433,BULLSPORT TECHNOLOGIES PRIVATE LIMITED,Active
U74140CH2021PTC043923,PROHPELTECH DIGITAL PRIVATE LIMITED,Active
U45203TN2021PTC147742,ASILON ENGINEERING INDIA PRIVATE LIMITED,Active
U72900MH2022FTC386961,FANENGAGE GAMES PRIVATE LIMITED,Active
U72900TZ2021PTC037467,MYFIRSTCHOICE TRADERS AND SHOPPERS PRIVATE LIMITED,Active
U74999PN2022OPC208553,BODHI TREE DESIGN STUDIO (OPC) PRIVATE LIMITED,Active
U72900TG2022PTC160393,SAI ADITYA INTELLITECH IT CONSULTING PRIVATE LIMITED,Active
U85190PN2022PTC210328,NEOSHIELD PRIVATE LIMITED,Active
U65990MH2022PTC377933,NPIRANHA XCELL INVESTMENT PRIVATE LIMITED,Active
U70109BR2021PTC055174,BOUNTY EDIFICE PRIVATE LIMITED,Active
U74999MH2021PTC372544,FRICK DESIGNS PRIVATE LIMITED,Active
U70109TN2021PTC148013,YES SQUARE INFRA PRIVATE LIMITED,Active
U80902PN2021PTC206140,LEXICON ALUMNI OF BELIEVERS PRIVATE LIMITED,Active
U15549PN2021PTC205982,KALAVATI MOHOLKAR AGRO PRIVATE LIMITED,Active
U72900HR2021PTC099175,HAMARI APP INFOTECH PRIVATE LIMITED,Active
U72900TN2021PTC148530,ARRAMI PRIVATE LIMITED,Active
U15400KA2021PTC154219,PUFFDRILL HEALTHCARE PRIVATE LIMITED,Active
U72900PN2021PTC206210,GABBARDEALS INDIA PRIVATE LIMITED,Active
U18109DL2021PTC389821,KOKO FASHIONS PRIVATE LIMITED,Active
U26100MP2021PTC058363,AKHAND GLASS PRIVATE LIMITED,Active
U72900KA2021PTC154183,UNBOXMYHOUSE PRIVATE LIMITED,Active
U63030UR2021PTC013212,SKYBRIGHT TRAVELS PRIVATE LIMITED,Active
U74900GJ2021PTC125652,NEWLAND OVERSEAS PRIVATE LIMITED,Active
U55101DL2021PTC386882,OSRJ FOOD AND ENTERTAINMENT PRIVATE LIMITED,Active
U74999KA2021PTC152153,VIVALUETHOS PRIVATE LIMITED,Active
U74999HR2021PTC097710,BETABIT TECHNOLOGIES PRIVATE LIMITED,Active
U36990UP2021PTC152417,NOTJUSTASHOPPER RETAIL PRIVATE LIMITED,Active
U72900KA2021PTC151775,UBOMI SOLUTIONS PRIVATE LIMITED,Active
U55209DL2021PTC386818,BEING BHARAT HOSPITALITY PRIVATE LIMITED,Active
U15419DL2022PTC394065,FOOD LAB & KITCHEN TRADING PRIVATE LIMITED,Active
U72900TN2022PTC150618,NEUWAY TECH SOLUTIONS PRIVATE LIMITED,Active
U72502MH2021PTC372601,BOUNDLESS INNOVATIONS PRIVATE LIMITED,Active
U36998RJ2021PTC078316,RAVENSWRATH DEFENSE ENTREPRISES PRIVATE LIMITED,Active
U51909TZ2022PTC038504,RRP GOLD AND DIAMOND PRIVATE LIMITED,Active
U72900DL2022PTC393814,PREACH WELL TECHNOLOGIES PRIVATE LIMITED,Active
U72900TG2022PTC162203,TECHUNNATI SOLUTIONS PRIVATE LIMITED,Active
U29309UP2022PTC159687,NWF SOLUTIONS PRIVATE LIMITED,Active
U55209MH2021PTC372372,J9 INN PRIVATE LIMITED,Active
U72900TN2022OPC153167,SUDHARSAN TECHNOCRAFT (OPC) PRIVATE LIMITED,Active
U90009GJ2013PLC077647,KAPSIL AQUA ENVIRO LIMITED,Active
U67100UP2021PTC153177,MACRO FINSTRUMENTALS PRIVATE LIMITED,Active
U01100MH2021PTC370764,HULE PATIL AGRO PRIVATE LIMITED,Active
U36999TZ2021PTC037475,SITALAKSHMI COIRS PRIVATE LIMITED,Active
U63020TN2021PTC145139,STOWA WAREHOUSE INDIA PRIVATE LIMITED,Active
U70100BR2016PTC026228,THAWE MATA FARMS PRIVATE LIMITED,Active
U24299HR2021OPC096275,NAMORUDRA ENTERPRISES (OPC) PRIVATE LIMITED,Active
U29308KA2021PTC149402,FLORITO PRIVATE LIMITED,Active
U45200UP2021PTC149272,SBPL NRR-1 PROJECT PRIVATE LIMITED,Active
U85100TG2021PTC151924,MYHEALTH LINE MEDICAL TECHNOLOGIES PRIVATE LIMITED,Active
U92490MH2021PTC364487,DO DANCE MEDIA PRIVATE LIMITED,Active
U45400TG2021PTC153409,NUZEN INFRA PRIVATE LIMITED,Active
U92190MH2021PTC357367,ABAS MEDIA PRIVATE LIMITED,Active
U67190WB2021PTC243837,IVHAAN CAPITAL PRIVATE LIMITED,Active
U15490UP2021PTC153777,GRAPE VINE LIFE PRIVATE LIMITED,Active
U45203TN2021PTC146667,PIINFRA METRO PROJECTS PRIVATE LIMITED,Active
U33100PN2021PTC204482,PREEMINENCE LIFE CARE PRIVATE LIMITED,Active
U17299GJ2021PTC126316,SASOI TEXTILE PRIVATE LIMITED,Active
U24299GJ2021PTC126495,INPHA CHEMTECH PRIVATE LIMITED,Active
U15400DL2021PTC388446,TORGAU BRAUHAUS PRIVATE LIMITED,Active
U26990MH2022PTC380608,CATCHSHIP INTERNATIONAL PRIVATE LIMITED,Active
U65929UP2021PLN154410,KVK NIDHI LIMITED,Active
U34300HP2021PTC008932,BOD FITNEST PRIVATE LIMITED,Active
U50400MH2021PTC369390,JANTA LANDMARK PRIVATE LIMITED,Active
U74999DL2021PTC387869,PARTH CREDIT INFORMATION PRIVATE LIMITED,Active
U85110WB2021PTC245617,SOUTH ASIA HOSPITAL PRIVATE LIMITED,Active
U65999PN2021PLN203090,SATVIK MULTIPURPOSE NIDHI LIMITED,Active
U72900TG2021PTC154050,VMANAGEIT SOFTWARESOLUTIONS PRIVATE LIMITED,Active
U51909TN2021PTC145517,SUBRAMANIYAR IMPEX AND INDUSTRIES PRIVATE LIMITED,Active
U24299PN2021PTC203454,CHEMSANCHAY PRIVATE LIMITED,Active
U32109UP2014PTC147093,MAXERIENCE ELECTROSYSTEMS PRIVATE LIMITED,Active
U33125DL2021PTC382088,LADDA WELLNESS PRIVATE LIMITED,Active
U52609WB2021PTC247616,DEBNATH MARBLES PRIVATE LIMITED,Active
U52100TG2021PTC152123,AAKRUSHI RETAIL PRIVATE LIMITED,Active
U24231AR2021PTC013676,HOLLONGI BIO-FUELS PRIVATE LIMITED,Active
U15100MP2021OPC057279,GARLICO VENTURES (OPC) PRIVATE LIMITED,Active
U29150MP2021PTC057173,FABCONE SUSPENSIONS PRIVATE LIMITED,Active
U36101AP2021PTC119134,BSR PRELAMS INDIA PRIVATE LIMITED,Active
U72900TN2021PTC144153,BIONIC DATA SOLUTIONS PRIVATE LIMITED,Active
U31909MH2021PTC365954,OPTOTEX LIGHTING PRIVATE LIMITED,Active
U51909KA2021PTC148294,UNILET DIGITAL PRIVATE LIMITED,Active
U24290GJ2021PTC124771,GAUSAMARPAN COW SCIENCE AND BIO RESEARCH PRIVATE LIMITED,Active
U33119CH2021PTC043725,MADANPUSHP HEALTHCARE PRIVATE LIMITED,Active
U01100UP2021PTC150554,AMETHI MOONJ PRODUCER COMPANY LIMITED,Active
U92190MH2021OPC362161,ETERNIA PICTURES (OPC) PRIVATE LIMITED,Active
U74900TN2015OPC098685,AMREK STRUCTURAL ENGINEERS PRIVATE LIMITED (OPC),Active
U72900MH2021PTC362729,CHAUHAN & CHAVAN APPSTUDIO PRIVATE LIMITED,Active
U31900GJ2021PTC124728,NARAYANSHREE ELECTRICALS PRIVATE LIMITED,Active
U01110RJ2021PTC075501,URBANSPIKE AGRO FRESH PRIVATE LIMITED,Active
U55209MH2021PTC356599,BOMBAY FOODWORKS PRIVATE LIMITED,Active
U51900DL2021PTC377177,GRODEALS INDIA PRIVATE LIMITED,Active
U55209RJ2021PTC073334,SUN-SWAJAY MANAGEMENT PRIVATE LIMITED,Active
U93000DL2017PTC320471,DIVINE COLORS PRIVATE LIMITED,Active
U51909OR2021PTC037370,FRESH CESTA RETAIL PRIVATE LIMITED,Active
U52110TG2021PTC154352,ZASKET TECHNOLOGIES PRIVATE LIMITED,Active
U60232GJ2021PTC125018,SAHJANAND LOGISTICS AND IDEAL DISTRIBUTIONS ENTERPRISES PRIVATE LIMITED,Active
U51217GJ2021PTC125369,HERSCHEL PHARMA PRIVATE LIMITED,Active
U72900MH2021PTC367004,DECENTRAL INTERNET SERVICES PRIVATE LIMITED,Active
U74999WB2021PTC247798,MYBLUESHELF E-COMMERCE PRIVATE LIMITED,Active
U55100KL2011PTC029347,NASRIN MEALS PRIVATE LIMITED,Active
U35999RJ2021PTC073999,UNIDENTIFIED PLANET XPLORATION OBJECT PRIVATE LIMITED,Active
U74999DL2017FTC379763,WESLEY CLOVER MANAGEMENT INDIA PRIVATE LIMITED,Active
U05000UP2021PTC143352,PRAGATI FISHERIES INDIA PRIVATE LIMITED,Active
U72900MH2020PTC352818,BLUBRICKS CONSULTING PRIVATE LIMITED,Active
U85300MH2021PTC355822,DR SANKARAN'S ONLINE HOMOEOPATHY PRIVATE LIMITED,Active
U92413KA2021PTC144865,TRIGUN RETAIL PRIVATE LIMITED,Active
U79120PB2024PTC061750,TRIPSTOCK INDIA PRIVATE LIMITED,Active
U72900DL2022PTC406740,P J NETWORKS SOLUTIONS PRIVATE LIMITED,Active
U24304HR2022PTC107497,LEXCIS PHARMACEUTICALS PRIVATE LIMITED,Active
U15400TN2022PTC156385,DPR MORINGA PRIVATE LIMITED,Active
U67100GJ2022PTC136582,EARLIPICK ADVISORS PRIVATE LIMITED,Active
U72900TN2022PTC156524,DREAM MAGIC SOFTWARE STUDIO PRIVATE LIMITED,Active
U55101TN2022PTC156527,RAINY RIVER HOSPITALITY PRIVATE LIMITED,Active
U21099TN2022PTC156114,SVR ECO ZONE PRIVATE LIMITED,Active
U52399UP2022PTC172525,CLOSETBYANAYA CONSUMERS PRIVATE LIMITED,Active
U74999MH2022PTC392555,CROSS FUNCTION MARKETING PRIVATE LIMITED,Active
U34300PN2022PTC215697,EVER-GO TECH PRIVATE LIMITED,Active
U74999MH2022PTC392565,MESTA TECH PRIVATE LIMITED,Active
U45201DL2022PTC405437,SPACE SURGE PRIVATE LIMITED,Active
U92100MH2022PTC391746,PLANET GOEM SELLER SERVICES PRIVATE LIMITED,Active
U15134DL2022PTC405631,AARYANI INDUSTRIES PRIVATE LIMITED,Active
U24290UP2022PTC173909,PANCHII INDUSTRIES PRIVATE LIMITED,Active
U50401MP2022PTC063493,BHOJTAL EV PRIVATE LIMITED,Active
U47594UP2025PTC215499,KATYAYNEE INFRATECH PRIVATE LIMITED,Active
U01111TN2022PTC156795,GROZPICES AGRO PRODUCTS PRIVATE LIMITED,Active
U51226WB2022PTC258343,ENORMOUS IMPACT PRIVATE LIMITED,Active
U62011TN2023PTC158644,MODERATION WORKS PRIVATE LIMITED,Active
U62099HR2023PTC109803,GAMGOD TECH PRIVATE LIMITED,Active
U64990KA2023PTC171506,SKBK INVESTMENTS PRIVATE LIMITED,Active
U32909TS2023PTC171465,SRI NITHYAVEDA TATTVA PRIVATE LIMITED,Active
U52241MH2023PTC398694,BLUECURRENT SHIPPING PRIVATE LIMITED,Active
U62099KA2023OPC171455,SEYON THINKLAB (OPC) PRIVATE LIMITED,Active
U86201DL2023PTC410920,NEYSA MEDICARE AND IT SOLUTIONS PRIVATE LIMITED,Active
U62013MH2023PTC398918,BLOCSOFT LAB PRIVATE LIMITED,Active
U85500PN2023OPC218817,SAPIENTMINDS EDUCATION (OPC) PRIVATE LIMITED,Active
U45200KA2023PTC171217,CARSAARA TECHNOLOGIES PRIVATE LIMITED,Active
U70200GJ2023PTC139408,ACCSHORE PRIVATE LIMITED,Active
U01229MP2022PTC063829,KASHYAPI FARMER PRODUCER COMPANY LIMITED,Active
U33200UP2025PTC215206,NAVAGRAHA INDUSTRIAL PARK PRIVATE LIMITED,Active
U24290UR2022PTC014896,AMBE BIOPHARMA PRIVATE LIMITED,Active
U15549GJ2022PTC136856,CHARBHUJA BAKE HOUSE PRIVATE LIMITED,Active
U43299GJ2023PTC138928,D AND T INFRATECH PRIVATE LIMITED,Active
U42101UP2023PTC177763,SEVEN HORSES CORPORATION PRIVATE LIMITED,Active
U43299MH2023PTC399493,SWAPNA SETU PRIVATE LIMITED,Active
U01619MP2023PTC064992,TEKRIMAA AGRO RESEARCH AND DEVELOPMENT PRIVATE LIMITED,Active
U29309UP2022PTC175019,UKAB AEROSPACE PRIVATE LIMITED,Active
U01100AP2022PTC123495,DEVAGUDI ECO VENTURES & AGRICULTURE SERVICES PRIVATE LIMITED,Active
U45309HR2022PTC108403,ROHTAK E MOBILITY INFRASTRUCTURE PRIVATE LIMITED,Active
U92490UP2023PTC177202,NEELESH MISRA VENTURES PRIVATE LIMITED,Active
U79120KA2023PTC173392,KINSKY INTERNATIONALPRIVATE LIMITED,Active
U62099HR2023OPC111192,FLICKCOM GAME CHANGER (OPC) PRIVATE LIMITED,Active
U62099UP2023PTC179691,BITBUILDERS TECHNOLOGIES PRIVATE LIMITED,Active
U26109TN2023FTC160505,PRIFORTUNE INDIA PRIVATE LIMITED,Active
U08107PN2023PTC219657,RASKARR MINING PRIVATE LIMITED,Active
U47190AS2023OPC024422,SATYANJOY ENTERPRISES (OPC) PRIVATE LIMITED,Active
U71100MP2023PTC065401,VYZETECH INNOVATIONS INDIA PRIVATE LIMITED,Active
U62013KL2023PTC080822,KODEWIN SOLUTIONS PRIVATE LIMITED,Active
U77304DL2023PTC413125,SHINESTAR IT SERVICES PRIVATE LIMITED,Active
U01639RJ2023PTC087229,ANNABHOOMI FARMER PRODUCER COMPANY LIMITED,Active
U64990PN2023PTC219817,NAMIRAJ SECURITIES PRIVATE LIMITED,Active
U20119TS2023PTC171854,SRH BIOPOLYMERS PRIVATE LIMITED,Active
U10409UP2023PTC179444,ORGANI HEALTH FOODS PRIVATE LIMITED,Active
U62099TS2023PTC174641,OSHADHI FINTECH SOLUTIONS INDIA PRIVATE LIMITED,Active
U62099KA2023PTC174215,ILIKA SANCHARI SERVICES PRIVATE LIMITED,Active
U64990DL2023PTC416032,CARBON ZERO HOLDINGS PRIVATE LIMITED,Active
U85499RJ2023PTC087859,AVN INNOVATIONS PRIVATE LIMITED,Active
U59112UP2023PTC179317,DSF PRODUCTIONS PRIVATE LIMITED,Active
U86100PN2023PTC220937,MEDIWEALTH HEALTH SERVICES PRIVATE LIMITED,Active
U56102TN2023PTC159657,FLABBERGASTED ENTERPRISES PRIVATE LIMITED,Active
U62099PN2023PTC220844,PANTHEON ALLEY PRIVATE LIMITED,Active
U43211TZ2023OPC028510,GAINTELECTRICAL INDIA (OPC) PRIVATE LIMITED,Active
U32503TN2023PTC160912,VIRUKSHAM MEDICAL SYSTEMS INDIA PRIVATE LIMITED,Active
U46901DL2023PTC412248,VAIBHAVSHRI TRADING PRIVATE LIMITED,Active
U62099MP2023PTC065128,HELIXATECH ENTERPRISES AND SOLUTIONS PRIVATE LIMITED,Active
U52291PB2023PTC058101,YVT TOURS AND TRAVELS PRIVATE LIMITED,Active
U62099PN2023PTC220421,REVAMP AI TRAINING ACADEMY PRIVATE LIMITED,Active
U68100ML2023PTC014012,MEGHA ECO VENTURES PRIVATE LIMITED,Active
U62013TN2025PTC181407,NEXOTECH SOFTWARE PRIVATE LIMITED,Active
U74100GJ2025PTC163614,PCB WORLD PRIVATE LIMITED,Active
U46497UP2025PTC225084,GODMAN MEDICAL EQUIPMENT & SUPPLIES PRIVATE LIMITED,Active
U63120HR2025OPC130205,NEXTKART ECOMMERCE (OPC) PRIVATE LIMITED,Active
U35105GJ2025PTC161273,MAHASUDARSHAN GREEN ENERGY PRIVATE LIMITED,Active
U63120HR2025OPC130148,STYLESTREAM ECOMMERCE (OPC) PRIVATE LIMITED,Active
U74109MP2025PTC076352,UNBUILT DESIGN LABS PRIVATE LIMITED,Active
U63122MH2025PTC444150,DUAL N DUEL MOC PRIVATE LIMITED,Active
U62020KA2025PTC200670,FLUXAG37 TECH PRIVATE LIMITED,Active
U62013MH2025PTC446695,PRAGMATODAY LABS PRIVATE LIMITED,Active
U62099DL2025PTC446794,MARSCRAFT TECHNOLOGIES PRIVATE LIMITED,Active
U62020WB2025PTC278687,DITZURN CONSULTANCY PRIVATE LIMITED,Active
U72100KA2024PTC196052,PRICYTE NUTRACEUTICALS PRIVATE LIMITED,Active
U35105TZ2025PTC034018,PMR SOLAR ENERGY PRIVATE LIMITED,Active
U28161WB2025PLC279687,PS ELEVATOR (INDIA) LIMITED,Active
U56101PY2025PTC009415,D6 CAFE'S PRIVATE LIMITED,Active
U82300WB2025PTC279138,NSCM EVENT MANAGEMENT PRIVATE LIMITED,Active
U47912GJ2024PTC157105,SDHSN ENTERPRISES PRIVATE LIMITED,Active
U62099KA2024PTC196078,MAZE GAMETECH PRIVATE LIMITED,Active
U46209GJ2024PTC157182,VINTAGE GREENFIELD PRIVATE LIMITED,Active
U71100PN2025PTC238523,KESHARIA SOLUTIONS PRIVATE LIMITED,Active
U28219TZ2024PTC033132,CARPKARE ELECTRONICS PRIVATE LIMITED,Active
U79900MH2025PTC438747,WISHRAHI EXPERIENCE PRIVATE LIMITED,Active
U46304HP2025PTC011553,SHRI HARI SINGH THAKUR CANTEEN STORE PRIVATE LIMITED,Active
U85500OD2024PTC047664,TLX EDUCATION PRIVATE LIMITED,Active
U72100KA2024PTC196053,PRICYTE LIFE SCIENCES AND MEDICAL SYSTEMS PRIVATE LIMITED,Active
U14101HR2024PTC125961,QIMASH FASHION PRIVATE LIMITED,Active
U22208GJ2024PLC156293,JINDAL PACKAGING SOLUTIONS LIMITED,Active
U79110GA2024OPC016831,SOLACELEISURE HOLIDAYS (OPC) PRIVATE LIMITED,Active
U27900KA2024FTC196029,AMERICAN ENERGY STORAGE INNOVATIONS INDIA PRIVATE LIMITED,Active
U85500MH2025PTC445408,PASSION COACHING PRIVATE LIMITED,Active
U52101UP2024OPC212341,SAUMYA SHAKTI (OPC) PRIVATE LIMITED,Active
U72100KA2024PTC196054,PRICYTE HEALTH SCIENCES PRIVATE LIMITED,Active
U47211MH2024OPC431771,ARIRORA RETAIL (OPC) PRIVATE LIMITED,Active
U46909MH2024PTC433707,VIJAY PAWAR ENTERPRISES PRIVATE LIMITED,Active
U22209UP2024PTC211342,WORLD PREMIUM COMPOSITE INDUSTRIES PRIVATE LIMITED,Active
U70200PN2024PTC234485,BMV MEDIA HOUSE PRIVATE LIMITED,Active
U66190MH2024PTC433955,INSTRAN PAYMENT PRIVATE LIMITED,Active
U56300MH2024PTC436296,ALTITUDE FOODS AND BEVERAGES PRIVATE LIMITED,Active
U70200DL2025PTC441129,PHYTO-X ENVIRONMENTAL ULTRAGE PRIVATE LIMITED,Active
U70200UP2024PTC208746,VENTAGIC CONSULTANCY PRIVATE LIMITED,Active
U58202UP2024OPC209432,INSYDEIT DIGITAL (OPC) PRIVATE LIMITED,Active
U46539MH2024PTC431012,REVYOM MOBILITY PRIVATE LIMITED,Active
U32111DL2024PTC438990,RYVA JEWELLERS PRIVATE LIMITED,Active
U46305KA2024PTC194501,OA INDEE FOOD PRIVATE LIMITED,Active
U28220PN2024PTC235448,VENKATESH MACHINE CRAFT INDIA PRIVATE LIMITED,Active
U62013JK2024PTC016552,MINQUAKE CYBER INNOVATION PRIVATE LIMITED,Active
U22203OD2024PTC047167,GSL RECOPET SOLUTIONS PRIVATE LIMITED,Active
U85500BR2024PTC072218,STATAXIS VENTURES PRIVATE LIMITED,Active
U62099AS2024PTC027112,BORDOL TECH PRIVATE LIMITED,Active
U22203MP2024PTC073412,ATTICUS LIVING PRIVATE LIMITED,Active
U35105TN2024PTC174734,GOLDEN POWERLINE PRIVATE LIMITED,Active
U70200MH2024PTC434034,APPHIANT TECHNOLOGY PRIVATE LIMITED,Active
U82990TS2024PTC189450,AIKYAVIKASA SOLUTIONS PRIVATE LIMITED,Active
U78100TZ2024PTC032524,VANCETRON TECHNOLOGY SOLUTIONS PRIVATE LIMITED,Active
U71100PN2024PTC233586,VINI ENGINEERS AND CONSULTANCY PRIVATE LIMITED,Active
U26109MH2024PTC434566,ROBOCRIT SYSTEMS PRIVATE LIMITED,Active
U46901UP2024PTC211729,ZM SPACES PRIVATE LIMITED,Active
U35106DL2024PTC438065,KRSKA SANKRANTI THREE PRIVATE LIMITED,Active
U78300BR2024PTC072000,SASH TALENT MINES PRIVATE LIMITED,Active
U62013KA2024PTC194788,ORCA DATALABS PRIVATE LIMITED,Active
U62010UP2024PTC211109,IOSYN CONSULTING PRIVATE LIMITED,Active
U43299GJ2024PTC157345,TRSHL CONSTRUCTIONS PRIVATE LIMITED,Active
U77220TS2024PTC191859,CLEMKINS LIFE SCIENCES PRIVATE LIMITED,Active
U20114GJ2024PTC155715,MAYRA COLCHEM PRIVATE LIMITED,Active
U43290TN2024PTC173787,MKJK SOLUTIONS PRIVATE LIMITED,Active
U27101WB2024PTC273791,RENELECTRIC ENERGY SOLUTIONS PRIVATE LIMITED,Active
U82990UP2024PTC211008,YJIOJ STAFFING PRIVATE LIMITED,Active
U38110RJ2025PTC099840,PLANETPURIFY PRIVATE LIMITED,Active
U85500DL2024PTC439172,VERBANOVA EDUVENTURES PRIVATE LIMITED,Active
U62090MH2024PTC434705,BIG DIPPER GLOBAL IT SOLUTIONS PRIVATE LIMITED,Active
U96090MH2024PTC435257,VAMITA IMPEX PRIVATE LIMITED,Active
U86200TN2024PTC173647,EMVISANTE HEALTH CARE PRIVATE LIMITED,Active
U78100TZ2024PTC032279,XPERTRIA PROPLUS CONSULTING PRIVATE LIMITED,Active
U01611RJ2024PTC097300,ZENORA AGRI PRIVATE LIMITED,Active
U10308TN2024OPC171546,PPTK FOODS (OPC) PRIVATE LIMITED,Active
U66309KA2024PTC191153,UNITED MASTERS TRADING PRIVATE LIMITED,Active
U47912GJ2024PTC153518,HYWINK RETAIL PRIVATE LIMITED,Active
U62013RJ2024PTC095954,SWIFTPASS MOBILITY TECHNOLOGIES PRIVATE LIMITED,Active
U24209RJ2024PTC095440,CHOKSI CUPRUM ARGENTUM PRIVATE LIMITED,Active
U46596MP2024PTC072087,NAVIGATE INDIA LIFE SCIENCES PRIVATE LIMITED,Active
U35106KA2024PTC191041,MADOQUAELEMENTAL RENEWABLES PRIVATE LIMITED,Active
U13930UP2024PTC205727,RUGSINC HOMESTYLE PRIVATE LIMITED,Active
U62013UP2024PTC206288,INTELLYDASH PRIVATE LIMITED,Active
U47630GJ2024PTC152649,SHIGASHA SPORTS AND FITNESS PRIVATE LIMITED,Active
U85499UP2024PTC205546,DEVGROVE EDTECH PRIVATE LIMITED,Active
U64990HR2024PTC123533,NOOTAN FINCAP PRIVATE LIMITED,Active
U46900DL2024PTC434036,SARAMA MAMA PRIVATE LIMITED,Active
U56101DL2024PTC435192,JUNESSDK HOSPITALITY PRIVATE LIMITED,Active
U73100HR2024PTC122875,DANDO TECHNOLOGY SERVICES PRIVATE LIMITED,Active
U62090PN2024PTC232680,INOVCREST TECHNOLOGY SOLUTIONS PRIVATE LIMITED,Active
U46901PN2024PTC232015,KB INNOVATIVE TECH PRIVATE LIMITED,Active
U46109GJ2024PTC153161,HATHMATI ACHIEVERS PRIVATE LIMITED,Active
U62099PB2024FTC062188,DUOKEY INDIA PRIVATE LIMITED,Active
U68200DL2024PTC434860,SPG REALTY PRIVATE LIMITED,Active
U47734UP2024OPC207554,CATIFYHUB CATTERY (OPC) PRIVATE LIMITED,Active
U47912UP2024PTC207477,GAURNITAI INDUSTRIES PRIVATE LIMITED,Active
U82300KA2024PTC191514,KAIZEN CONFERENCES ORGANIZING PRIVATE LIMITED,Active
U93290TZ2024PTC031877,KANNAM OOCHI PRIVATE LIMITED,Active
U46205AP2024PTC115313,AITEK PLANTATION PRIVATE LIMITED,Active
U22208PN2024PTC233369,RAJHUNS PVC MANUFACTURING PRIVATE LIMITED,Active
U46529TS2024PTC188394,NAIZAK ENGINEERING INDIA PRIVATE LIMITED,Active
U96010KA2024PTC189746,VIKARNAB ENTERPRISES PRIVATE LIMITED,Active
U70200UP2024PTC201719,HANBADA CONSULTANCY SERVICES PRIVATE LIMITED,Active
U46497CH2024PTC045671,GURU GORAKHNATH SUPPLY SOLUTIONS PRIVATE LIMITED,Active
U46692UP2024PTC203054,GLOBAGRO CROP CARE PRIVATE LIMITED,Active
U68100UP2024PTC203085,DE PYRAMID INTERNATIONAL PRIVATE LIMITED,Active
U66190PB2024PTC061056,PB PARAMOUNT CONSULTANCY AND TRADING PRIVATE LIMITED,Active
U62091MH2024PTC423542,KODEKALP GLOBAL TECHNOLOGIES PRIVATE LIMITED,Active
U26700TN2024PTC170868,AAROOR ASSOCIATES PRIVATE LIMITED,Active
U13120RJ2024PTC094367,SEEMA COTSYN (INDIA) PRIVATE LIMITED,Active
U70200UP2024PTC203728,KEVALYA ANANTARA CONSULTANCY SERVICES PRIVATE LIMITED,Active
U62091HR2024PTC119781,PARCELLE TECHNOLOGY PRIVATE LIMITED,Active
U62013MH2024PTC420600,AXCEPTAI TECHNOLOGY PRIVATE LIMITED,Active
U35105TN2024PTC171024,KARPAGAVINAYAGA GREEN ENERGY PRIVATE LIMITED,Active
U68200UP2024PTC202006,ANANTAM ADVISORS PRIVATE LIMITED,Active
U52293UP2024PTC202637,KANPUR CITYLINK LOGISTICS PRIVATE LIMITED,Active
U62099DL2024PTC432895,WELLBEING SOFTWARE TECHNOLOGIES PRIVATE LIMITED,Active
U73100HR2024PTC122628,ONINE MEDIA PRIVATE LIMITED,Active
U46900GJ2024OPC150787,PRAJSU ELECTRONICS (OPC) PRIVATE LIMITED,Active
U78300UP2024PTC201735,ENNOVIA HUMAN RESOURCES AND FACILITY MANAGEMENT PRIVATE LIMITED,Active
U82192TN2024OPC168427,VISION1 PROJOURNAL PUBLICATIONS (OPC) PRIVATE LIMITED,Active
U73100BR2024PTC069681,AUGUMENT WAV-TECHNOLOGIES SOLUTIONS PRIVATE LIMITED,Active
U62099TS2024PTC183764,KWINJS TECHPEOPL PRIVATE LIMITED,Active
U72100GJ2024PTC150647,SATVIK AGRITECH LABS PRIVATE LIMITED,Active
U10790UP2024PTC204068,TRUGEM HEALTH PRIVATE LIMITED,Active
U38220HR2024PTC120313,GOVINDAM WASTE MANAGEMENT PRIVATE LIMITED,Active
U46909UP2024PTC200966,ENNOVIA GLOBAL IMPEX PRIVATE LIMITED,Active
U28220WB2024PTC270751,PRABIR SAMANTA CONSTRUCTION (UNIVERSAL) PRIVATE LIMITED,Active
U62099AP2024PTC114759,KVK009 TECH PRIVATE LIMITED,Active
U58122PB2024PTC061806,MSK PHARMATECH PRIVATE LIMITED,Active
U85499TN2024OPC170016,MECFOX ENGINEERING SOLUTIONS (OPC) PRIVATE LIMITED,Active
U46300CT2024PTC016348,ADWITIYAH FOOD AND BEVERAGES PRIVATE LIMITED,Active
U69201UP2024PTC203696,B A M S CORPORATE SERVICES PRIVATE LIMITED,Active
U24319CT2024PTC016361,MAA MAHASAR METALIKS PRIVATE LIMITED,Active
U52101UP2024PTC202128,PRITIRANJAN COLD STORAGE PRIVATE LIMITED,Active
U66120DL2024PTC428440,NOVUM TRADING SERVICES PRIVATE LIMITED,Active
U32909KL2024PTC086631,FABRIZEN GLOBAL PRIVATE LIMITED,Active
U62012WB2024OPC270583,SOMLANCE TECHNOLOGIES (OPC) PRIVATE LIMITED,Active
U73200HR2024PTC119450,TRENDMINDS RESEARCH PRIVATE LIMITED,Active
U62099MH2024PTC421678,ASSURECODES TECHNOLOGIES PRIVATE LIMITED,Active
U52291WB2024PTC269286,SBRS TRAVEL PRIVATE LIMITED,Active
U74900TN2024FTC169207,K&A ENGINEERING CONSULTING INDIA PRIVATE LIMITED,Active
U14101WB2024PTC269536,CHACHA INDUSTRIES PRIVATE LIMITED,Active
U69201KA2024PTC187015,LEKKAPUSTHAKA SOLUTIONS PRIVATE LIMITED,Active
U86100UT2024PTC017109,SANSKRITI SUPERSPECIALITY HOSPITAL PRIVATE LIMITED,Active
U62011KA2024OPC186640,UXMAXIMA SOLUTIONS (OPC) PRIVATE LIMITED,Active
U62090TS2024PTC182780,KLIN KAARA GENERAL PRIVATE LIMITED,Active
U52100GA2024PTC016479,MARITIME GLOBAL LOGISTICS AND WAREHOUSING PRIVATE LIMITED,Active
U47990WB2024PTC268893,AGRIKULT HARVEST PRIVATE LIMITED,Active
U60200KA2024PTC184323,MAARGA MEDIA AND BROADCASTING PRIVATE LIMITED,Active
U63120HR2024PTC118408,CANDOURISM PRIVATE LIMITED,Active
U55101JH2024PTC021818,CHEVRON CORPORATION PRIVATE LIMITED,Active
U68200UP2024PTC197287,TRUE HUB REALTY PRIVATE LIMITED,Active
U62011TN2024PTC167264,ZONEFY TECH PRIVATE LIMITED,Active
U78300KA2024PTC184319,TAMRAPARNICONSULTING PRIVATE LIMITED,Active
U47733MP2024PTC069403,KAWANA LIFESTYLE PRIVATE LIMITED,Active
U62091KA2024PTC183586,SOFTWARAM TECHNOLOGIES INDIA PRIVATE LIMITED,Active
U47591DL2024PTC425963,ZOOPIE DEALS PRIVATE LIMITED,Active
U68100RJ2024PTC092583,PARKRATAN INFRA PRIVATE LIMITED,Active
U62099PN2024PTC227220,OPENEDGE TECHNOLOGIES PRIVATE LIMITED,Active
U46521HR2024PTC118243,CRYSTEC MANUFACTURING INDIA PRIVATE LIMITED,Active
U52290MH2024PTC418109,CONSOL SOLUTIONS INDIA PRIVATE LIMITED,Active
U10409TN2024PTC166752,NUTRISHYAM PRIVATE LIMITED,Active
U70200JK2024PTC015614,BANR SCHEAM (INDIA) PRIVATE LIMITED,Active
U79110MH2024PTC419371,AJKJ CAB PRIVATE LIMITED,Active
U66190MH2024PTC419328,ARTHAA ADVISORY PRIVATE LIMITED,Active
U70200HR2024PTC117784,TOS ENERGY CONSULTANCY PRIVATE LIMITED,Active
U58200DL2024PTC425563,SHREE TECH LEKHAKAR PRIVATE LIMITED,Active
U85499HR2024PTC118024,SKILLSENSE EDTECH SOLUTIONS PRIVATE LIMITED,Active
U43110KL2024PTC086321,A.P.K DEMOLISHING & CORE CUTTING PRIVATE LIMITED,Active
U10611MP2024PTC069366,SHRI SWASTIK FOODS INTERNATIONAL PRIVATE LIMITED,Active
U46521UP2024PTC198150,SWA SEMICONDUCTOR PRIVATE LIMITED,Active
U64990TN2024PTC166715,REDBACK CAPITAL PRIVATE LIMITED,Active
U62099KA2024OPC183569,WBOOK TECHNOLOGIES (OPC) PRIVATE LIMITED,Active
U85500UP2024PTC196604,GRADESAHEAD EDUCATION PRIVATE LIMITED,Active
U62099MP2024PTC069435,ANTIPROTON LABS PRIVATE LIMITED,Active
U62090KA2024PTC185475,EPIKIDEA TECHNOLOGIES PRIVATE LIMITED,Active
U86900KL2024OPC086396,RND INNOVATION (OPC) PRIVATE LIMITED,Active
U63999UP2024FTC196471,DILIGENTWISE ADVISORY PRIVATE LIMITED,Active
U18115MH2023OPC416222,REWILD STUDIO (OPC) PRIVATE LIMITED,Active
U62099KA2023PTC182930,DIGITAL CLONE PRIVATE LIMITED,Active
U20121KA2023PTC182594,ADISPOORTI ECO PRIVATE LIMITED,Active
U90001KL2023PTC085189,DECIBEL EVENTSCAPE PRIVATE LIMITED,Active
U62013MH2023PTC414923,XSELLRATE MARKETING SOLUTIONS PRIVATE LIMITED,Active
U69201TS2023PTC180245,FACT EDGE GLOBAL ADVISORS PRIVATE LIMITED,Active
U28110GJ2023PTC146596,CONTIMP ENGITECH PRIVATE LIMITED,Active
U62099UP2023OPC194309,DZTECH WHALE (OPC) PRIVATE LIMITED,Active
U62099TN2024OPC166488,CRITTER GRAPHIX (OPC) PRIVATE LIMITED,Active
U43222MH2023PTC414381,VIKAS RENEWABLE ENERGY PRIVATE LIMITED,Active
U62090GJ2023PTC147155,REDHACKS 1 IT SECURITY PRIVATE LIMITED,Active
U78300MH2023PTC414024,CARGEX SERVICES PRIVATE LIMITED,Active
U78300MH2023PTC413897,FATEMA Y NAJMUDDIN ENTERPRISES PRIVATE LIMITED,Active
U66190OD2023PTC044479,HINDIGO FINVEST SERVICES PRIVATE LIMITED,Active
U68200KL2023PTC085234,BIGBROK REALTY PRIVATE LIMITED,Active
U46200TZ2023PTC030083,SABRINA FINACIAL VENTURES PRIVATE LIMITED,Active
U85499TN2023PTC165275,LEARNAGE EDUCATION PRIVATE LIMITED,Active
U21000UP2023PTC194426,METTE PHARMACEUTICALS PRIVATE LIMITED,Active
U10796RJ2023PTC091408,NAMKII CHATKI FOOD PRIVATE LIMITED,Active
U70200DL2023OPC423843,ICERT CONSULTANT (OPC) PRIVATE LIMITED,Active
U62011CH2023PTC045395,ANACHRONIST TECHNOLOGIES PRIVATE LIMITED,Active
U68100RJ2023PTC091467,ARRM PROPERTIES AND INVESTMENTS PRIVATE LIMITED,Active
U64990KA2023PTC182156,SRAM & MRAM ONE OF ONE CAPITAL PRIVATE LIMITED,Active
U62090KA2023PTC181624,PRAVIK INFO TECH SOLUTIONS PRIVATE LIMITED,Active
U63999HR2023OPC116550,RANKKITE TECHNOLOGIES (OPC) PRIVATE LIMITED,Active
U46593HR2023PTC116113,HANSIKA TRANSFORMERS & RECTIFIERS (INDIA) PRIVATE LIMITED,Active
U62013TN2023PTC164963,AVGION PRIVATE LIMITED,Active
U70200TN2023PTC165156,SELVARATHINAM CONSULTANCY SERVICES PRIVATE LIMITED,Active
U47820TS2023PTC177444,MAD ABOUT DRIP CLOTHING PRIVATE LIMITED,Active
U47711PN2023PTC225152,DURGE LIFESTYLE PRIVATE LIMITED,Active
U46419BR2023PTC065743,ARBAN SS PRIVATE LIMITED,Active
U46419UP2023PTC192321,AAELEGANTE PRIVATE LIMITED,Active
U62012GJ2023PTC145810,NAIDU DIGITAL PAYMENTS PRIVATE LIMITED,Active
U90009UP2023PTC192353,MY RSI LIVE PRIVATE LIMITED,Active
U62013KA2023PTC180035,STREETTRIBE TECHNOLOGIES PRIVATE LIMITED,Active
U64200UP2023PTC191461,ENNOVIA GLOBAL HOLDINGS PRIVATE LIMITED,Active
U85499KA2023OPC179893,IMSWARNIL (OPC) PRIVATE LIMITED,Active
U78100KL2023PTC084044,CRUITO SOLUTIONS PRIVATE LIMITED,Active
U64990UP2023PTC191580,ENNOVIA GLOBAL STRATEGIC INVESTMENTS PRIVATE LIMITED,Active
U22203DL2023PTC420726,PARMESHTHI INDUSTRIES PRIVATE LIMITED,Active
U96906HR2023OPC116485,PRADEEP BHANOT'S THE COSMIC VOICE (OPC) PRIVATE LIMITED,Active
U93190UT2023PTC016366,SURNEX PULSE SYSTEMS PRIVATE LIMITED,Active
U62099TS2023OPC178499,MAVERA BUSINESS SOLUTIONS (OPC) PRIVATE LIMITED,Active
U43900MP2023PTC068428,MDP REALTY DEVELOPERS PRIVATE LIMITED,Active
U66190TN2023PTC164340,GOLDMAX FOREX PRIVATE LIMITED,Active
U73100UP2023PTC188302,AMIT KUMAR STUDIO AGENCY PRIVATE LIMITED,Active
U62011TS2023PTC175536,BLIPPER TECHNOLOGIES PRIVATE LIMITED,Active
U85500PB2023PTC059208,AAJOCAN IMMIGRATION CONSULTANCY PRIVATE LIMITED,Active
U64990DL2023PLN419141,GARIBVIKAS KOSH NIDHI LIMITED,Active
U46305WB2023PTC265046,BBA TRADING PRIVATE LIMITED,Active
U62013KA2023PTC178675,STELLA NEXT TECHNOLOGIES PRIVATE LIMITED,Active
U62091TS2023PTC176976,TAVAS DIGITAL PRIVATE LIMITED,Active
U85500MH2023PTC410579,SOULSURGE VENTURES PRIVATE LIMITED,Active
U77303WB2023PTC264576,SDE INFRA PRIVATE LIMITED,Active
U68100BR2023PTC064562,GOLDLAND REALTORS PRIVATE LIMITED,Active
U47711UP2023PTC189002,ENNOVIA FASHION APPARELS PRIVATE LIMITED,Active
U62013PN2023PTC222907,LANDTICS SOLUTIONS PRIVATE LIMITED,Active
U46529MH2023PTC408277,FABDRONES PRIVATE LIMITED,Active
U62099KA2023PTC178203,RALA SOFT PRIVATE LIMITED,Active
U70200TZ2023PTC029322,AMRITYU CONSULTANCY PRIVATE LIMITED,Active
U47912KA2023OPC177874,RUMA ARTS (OPC) PRIVATE LIMITED,Active
U68200KL2023PTC083580,GRANDVISTA HOMES PRIVATE LIMITED,Active
U47413KA2023OPC178778,ENSECTIFY (OPC) PRIVATE LIMITED,Active
U68200AN2023PTC006040,RUNGTA REALTY & LEISURES PRIVATE LIMITED,Active
U61209TN2023PTC163301,COLOX DIGITAL PRIVATE LIMITED,Active
U68100KA2023PTC178120,L151 AXION CONSULTANTS PRIVATE LIMITED,Active
U10801DL2023PTC417839,AAA NUTRITION PRIVATE LIMITED,Active
U62099DL2023PTC417808,XDVIRTUAL ENTERTAINMENTS PRIVATE LIMITED,Active
U62013KA2023PTC177993,SEEKWORTH SOLUTIONS PRIVATE LIMITED,Active
U46305KA2023PTC178263,SUPRIT EXPORTS AND IMPORTS PRIVATE LIMITED,Active
U70200RJ2023PTC089055,PARABOLIC CONSULTANTS PRIVATE LIMITED,Active
U47912TS2023PTC176771,DAKILA ECOSYSTEM MARKETING PRIVATE LIMITED,Active
U73100UP2023PTC186505,SOPHIA ADVERTISING AND PRODUCTION PRIVATE LIMITED,Active
U62011WB2023PTC264393,SPECSTEM DIGITAL PRIVATE LIMITED,Active
U20299CT2023PTC015077,TETHYS SPECIALTY GRAPHENE PRIVATE LIMITED,Active
U79110WB2023PTC264135,TRAVELWISE DREAMCASTERS PRIVATE LIMITED,Active
U62099AP2023PTC111442,SNOWPACK IT SERVICES PRIVATE LIMITED,Active
U59201TZ2023OPC028659,WYNKLE STUDIOS (OPC) PRIVATE LIMITED,Active
U78300MH2023OPC403415,ILLIKA HUMAN RESOURCE SOLUTIONS (OPC) PRIVATE LIMITED,Active
U70200UP2023PTC183737,MONKSPEAK LEARNING PRIVATE LIMITED,Active
U62099UP2023OPC184416,MYVEDAIT (OPC) PRIVATE LIMITED,Active
U62011KA2023PTC175401,HOTBAZAAR CLOUD SOLUTIONS PRIVATE LIMITED,Active
U78200UP2023PTC184807,PAVKI MANPOWER SERVICES PRIVATE LIMITED,Active
U46909MH2023PTC406623,TWINSPARK INTERLINK PRIVATE LIMITED,Active
U11031UP2023PTC186156,VERCOS BARRELHOUSE PRIVATE LIMITED,Active
U62013PN2023PTC221538,FINTRACT ONLINE E-PAY SOLUTIONS PRIVATE LIMITED,Active
U52241UP2023PTC186103,DAAP ENTERPRISES PRIVATE LIMITED,Active
U28192PN2023PTC222176,YKIT TECHAUTOMATION PRIVATE LIMITED,Active
U68100MH2023PTC402624,LE ROSET HOSPITALITY PRIVATE LIMITED,Active
U32300DL2023PTC417530,TYPE B INNOVATIONS PRIVATE LIMITED,Active
U62099PB2023PTC058421,AVIAMBER BUSINESS INNOVATIONS PRIVATE LIMITED,Active
U78100DL2023PTC414841,BIEN HR SOLUTIONS PRIVATE LIMITED,Active
U46632MH2023PTC406429,KARTIKEY SALES AND SERVICES PRIVATE LIMITED,Active
U52109MH2023PTC402027,DADRI TOPAZ LOGISTICS PARK PRIVATE LIMITED,Active
U43299GA2023PTC016015,ACE VERTICALS PRIVATE LIMITED,Active
U13111GJ2023PTC142744,MOHIT FILAMENTS PRIVATE LIMITED,Active
U43129TZ2023PTC028784,KARUR SARA TEXTILE PARK PRIVATE LIMITED,Active
U47219BR2023PTC063952,ADMUSOO FOODS AND BEVERAGES PRIVATE LIMITED,Active
U62013UP2023PTC185655,MOTIVUS INNOVATION SOFTWARE PRIVATE LIMITED,Active
U21001NL2023PTC013828,ACUIVITAL NUTRACEUTICALS PRIVATE LIMITED,Active
U62099AP2023PTC111316,DATAQZEN SOFTWARE SOLUTIONS AND RESEARCH PRIVATE LIMITED,Active
U35101HP2023PTC010187,GLAUBEN HYDRO DREAMS PRIVATE LIMITED,Active
U18200HR2023PTC112489,AALOO PURI DIGITAL MEDIA PRIVATE LIMITED,Active
U72100MH2023PTC404644,GREEN FERROUS AND NON-FERROUS TECHNOLOGIES PRIVATE LIMITED,Active
U73100MH2024PTC419504,LIQUID REACH MEDIA SOLUTIONS PRIVATE LIMITED,Active
U86100TN2025PTC180961,RCP HOSPITAL PRIVATE LIMITED,Active
U62091PN2024PTC236115,RMTDMH SOFTWARE SOLUTIONS PRIVATE LIMITED,Active
U62011MH2024FTC433047,QUMATA INDIA PRIVATE LIMITED,Active
U62013KA2024PTC196179,ULTIME SOFTWARE PRIVATE LIMITED,Active
U62099AP2024FTC116452,IROCK TECH INDIA PRIVATE LIMITED,Active
